:0200000460009A
:100000004643464200000156000000000103030081
:1000100000000000000000000000000000000000E0
:1000200000000000000000000000000000000000D0
:1000300000000000000000000000000000000000C0
:1000400000000000010408000000000000000000A3
:100050000000800000000000000000000000000020
:100060000000000000000000000000000000000090
:100070000000000000000000000000000000000080
:10008000EB04180A063204260000000000000000FD
:10009000050404240000000000000000000000002F
:1000A0000000000000000000000000000000000050
:1000B0000604000000000000000000000000000036
:1000C0000000000000000000000000000000000030
:1000D00020041808000000000000000000000000DC
:1000E0000000000000000000000000000000000010
:1000F0000000000000000000000000000000000000
:10010000D8041808000000000000000000000000F3
:100110000204180804200000000000000000000095
:1001200000000000000000000000000000000000CF
:10013000600400000000000000000000000000005B
:1001400000000000000000000000000000000000AF
:10015000000000000000000000000000000000009F
:10016000000000000000000000000000000000008F
:10017000000000000000000000000000000000007F
:10018000000000000000000000000000000000006F
:10019000000000000000000000000000000000005F
:1001A000000000000000000000000000000000004F
:1001B000000000000000000000000000000000003F
:1001C000000100000010000001000000000000001D
:1001D000000001000000000000000000000000001E
:1001E000000000000000000000000000000000000F
:1001F00000000000000000000000000000000000FF
:10020000FFFFFFFFFFFFFFFFFFFFFFFFFFFFFFFFFE
:10021000FFFFFFFFFFFFFFFFFFFFFFFFFFFFFFFFEE
:10022000FFFFFFFFFFFFFFFFFFFFFFFFFFFFFFFFDE
:10023000FFFFFFFFFFFFFFFFFFFFFFFFFFFFFFFFCE
:10024000FFFFFFFFFFFFFFFFFFFFFFFFFFFFFFFFBE
:10025000FFFFFFFFFFFFFFFFFFFFFFFFFFFFFFFFAE
:10026000FFFFFFFFFFFFFFFFFFFFFFFFFFFFFFFF9E
:10027000FFFFFFFFFFFFFFFFFFFFFFFFFFFFFFFF8E
:10028000FFFFFFFFFFFFFFFFFFFFFFFFFFFFFFFF7E
:10029000FFFFFFFFFFFFFFFFFFFFFFFFFFFFFFFF6E
:1002A000FFFFFFFFFFFFFFFFFFFFFFFFFFFFFFFF5E
:1002B000FFFFFFFFFFFFFFFFFFFFFFFFFFFFFFFF4E
:1002C000FFFFFFFFFFFFFFFFFFFFFFFFFFFFFFFF3E
:1002D000FFFFFFFFFFFFFFFFFFFFFFFFFFFFFFFF2E
:1002E000FFFFFFFFFFFFFFFFFFFFFFFFFFFFFFFF1E
:1002F000FFFFFFFFFFFFFFFFFFFFFFFFFFFFFFFF0E
:10030000FFFFFFFFFFFFFFFFFFFFFFFFFFFFFFFFFD
:10031000FFFFFFFFFFFFFFFFFFFFFFFFFFFFFFFFED
:10032000FFFFFFFFFFFFFFFFFFFFFFFFFFFFFFFFDD
:10033000FFFFFFFFFFFFFFFFFFFFFFFFFFFFFFFFCD
:10034000FFFFFFFFFFFFFFFFFFFFFFFFFFFFFFFFBD
:10035000FFFFFFFFFFFFFFFFFFFFFFFFFFFFFFFFAD
:10036000FFFFFFFFFFFFFFFFFFFFFFFFFFFFFFFF9D
:10037000FFFFFFFFFFFFFFFFFFFFFFFFFFFFFFFF8D
:10038000FFFFFFFFFFFFFFFFFFFFFFFFFFFFFFFF7D
:10039000FFFFFFFFFFFFFFFFFFFFFFFFFFFFFFFF6D
:1003A000FFFFFFFFFFFFFFFFFFFFFFFFFFFFFFFF5D
:1003B000FFFFFFFFFFFFFFFFFFFFFFFFFFFFFFFF4D
:1003C000FFFFFFFFFFFFFFFFFFFFFFFFFFFFFFFF3D
:1003D000FFFFFFFFFFFFFFFFFFFFFFFFFFFFFFFF2D
:1003E000FFFFFFFFFFFFFFFFFFFFFFFFFFFFFFFF1D
:1003F000FFFFFFFFFFFFFFFFFFFFFFFFFFFFFFFF0D
:10040000FFFFFFFFFFFFFFFFFFFFFFFFFFFFFFFFFC
:10041000FFFFFFFFFFFFFFFFFFFFFFFFFFFFFFFFEC
:10042000FFFFFFFFFFFFFFFFFFFFFFFFFFFFFFFFDC
:10043000FFFFFFFFFFFFFFFFFFFFFFFFFFFFFFFFCC
:10044000FFFFFFFFFFFFFFFFFFFFFFFFFFFFFFFFBC
:10045000FFFFFFFFFFFFFFFFFFFFFFFFFFFFFFFFAC
:10046000FFFFFFFFFFFFFFFFFFFFFFFFFFFFFFFF9C
:10047000FFFFFFFFFFFFFFFFFFFFFFFFFFFFFFFF8C
:10048000FFFFFFFFFFFFFFFFFFFFFFFFFFFFFFFF7C
:10049000FFFFFFFFFFFFFFFFFFFFFFFFFFFFFFFF6C
:1004A000FFFFFFFFFFFFFFFFFFFFFFFFFFFFFFFF5C
:1004B000FFFFFFFFFFFFFFFFFFFFFFFFFFFFFFFF4C
:1004C000FFFFFFFFFFFFFFFFFFFFFFFFFFFFFFFF3C
:1004D000FFFFFFFFFFFFFFFFFFFFFFFFFFFFFFFF2C
:1004E000FFFFFFFFFFFFFFFFFFFFFFFFFFFFFFFF1C
:1004F000FFFFFFFFFFFFFFFFFFFFFFFFFFFFFFFF0C
:10050000FFFFFFFFFFFFFFFFFFFFFFFFFFFFFFFFFB
:10051000FFFFFFFFFFFFFFFFFFFFFFFFFFFFFFFFEB
:10052000FFFFFFFFFFFFFFFFFFFFFFFFFFFFFFFFDB
:10053000FFFFFFFFFFFFFFFFFFFFFFFFFFFFFFFFCB
:10054000FFFFFFFFFFFFFFFFFFFFFFFFFFFFFFFFBB
:10055000FFFFFFFFFFFFFFFFFFFFFFFFFFFFFFFFAB
:10056000FFFFFFFFFFFFFFFFFFFFFFFFFFFFFFFF9B
:10057000FFFFFFFFFFFFFFFFFFFFFFFFFFFFFFFF8B
:10058000FFFFFFFFFFFFFFFFFFFFFFFFFFFFFFFF7B
:10059000FFFFFFFFFFFFFFFFFFFFFFFFFFFFFFFF6B
:1005A000FFFFFFFFFFFFFFFFFFFFFFFFFFFFFFFF5B
:1005B000FFFFFFFFFFFFFFFFFFFFFFFFFFFFFFFF4B
:1005C000FFFFFFFFFFFFFFFFFFFFFFFFFFFFFFFF3B
:1005D000FFFFFFFFFFFFFFFFFFFFFFFFFFFFFFFF2B
:1005E000FFFFFFFFFFFFFFFFFFFFFFFFFFFFFFFF1B
:1005F000FFFFFFFFFFFFFFFFFFFFFFFFFFFFFFFF0B
:10060000FFFFFFFFFFFFFFFFFFFFFFFFFFFFFFFFFA
:10061000FFFFFFFFFFFFFFFFFFFFFFFFFFFFFFFFEA
:10062000FFFFFFFFFFFFFFFFFFFFFFFFFFFFFFFFDA
:10063000FFFFFFFFFFFFFFFFFFFFFFFFFFFFFFFFCA
:10064000FFFFFFFFFFFFFFFFFFFFFFFFFFFFFFFFBA
:10065000FFFFFFFFFFFFFFFFFFFFFFFFFFFFFFFFAA
:10066000FFFFFFFFFFFFFFFFFFFFFFFFFFFFFFFF9A
:10067000FFFFFFFFFFFFFFFFFFFFFFFFFFFFFFFF8A
:10068000FFFFFFFFFFFFFFFFFFFFFFFFFFFFFFFF7A
:10069000FFFFFFFFFFFFFFFFFFFFFFFFFFFFFFFF6A
:1006A000FFFFFFFFFFFFFFFFFFFFFFFFFFFFFFFF5A
:1006B000FFFFFFFFFFFFFFFFFFFFFFFFFFFFFFFF4A
:1006C000FFFFFFFFFFFFFFFFFFFFFFFFFFFFFFFF3A
:1006D000FFFFFFFFFFFFFFFFFFFFFFFFFFFFFFFF2A
:1006E000FFFFFFFFFFFFFFFFFFFFFFFFFFFFFFFF1A
:1006F000FFFFFFFFFFFFFFFFFFFFFFFFFFFFFFFF0A
:10070000FFFFFFFFFFFFFFFFFFFFFFFFFFFFFFFFF9
:10071000FFFFFFFFFFFFFFFFFFFFFFFFFFFFFFFFE9
:10072000FFFFFFFFFFFFFFFFFFFFFFFFFFFFFFFFD9
:10073000FFFFFFFFFFFFFFFFFFFFFFFFFFFFFFFFC9
:10074000FFFFFFFFFFFFFFFFFFFFFFFFFFFFFFFFB9
:10075000FFFFFFFFFFFFFFFFFFFFFFFFFFFFFFFFA9
:10076000FFFFFFFFFFFFFFFFFFFFFFFFFFFFFFFF99
:10077000FFFFFFFFFFFFFFFFFFFFFFFFFFFFFFFF89
:10078000FFFFFFFFFFFFFFFFFFFFFFFFFFFFFFFF79
:10079000FFFFFFFFFFFFFFFFFFFFFFFFFFFFFFFF69
:1007A000FFFFFFFFFFFFFFFFFFFFFFFFFFFFFFFF59
:1007B000FFFFFFFFFFFFFFFFFFFFFFFFFFFFFFFF49
:1007C000FFFFFFFFFFFFFFFFFFFFFFFFFFFFFFFF39
:1007D000FFFFFFFFFFFFFFFFFFFFFFFFFFFFFFFF29
:1007E000FFFFFFFFFFFFFFFFFFFFFFFFFFFFFFFF19
:1007F000FFFFFFFFFFFFFFFFFFFFFFFFFFFFFFFF09
:10080000FFFFFFFFFFFFFFFFFFFFFFFFFFFFFFFFF8
:10081000FFFFFFFFFFFFFFFFFFFFFFFFFFFFFFFFE8
:10082000FFFFFFFFFFFFFFFFFFFFFFFFFFFFFFFFD8
:10083000FFFFFFFFFFFFFFFFFFFFFFFFFFFFFFFFC8
:10084000FFFFFFFFFFFFFFFFFFFFFFFFFFFFFFFFB8
:10085000FFFFFFFFFFFFFFFFFFFFFFFFFFFFFFFFA8
:10086000FFFFFFFFFFFFFFFFFFFFFFFFFFFFFFFF98
:10087000FFFFFFFFFFFFFFFFFFFFFFFFFFFFFFFF88
:10088000FFFFFFFFFFFFFFFFFFFFFFFFFFFFFFFF78
:10089000FFFFFFFFFFFFFFFFFFFFFFFFFFFFFFFF68
:1008A000FFFFFFFFFFFFFFFFFFFFFFFFFFFFFFFF58
:1008B000FFFFFFFFFFFFFFFFFFFFFFFFFFFFFFFF48
:1008C000FFFFFFFFFFFFFFFFFFFFFFFFFFFFFFFF38
:1008D000FFFFFFFFFFFFFFFFFFFFFFFFFFFFFFFF28
:1008E000FFFFFFFFFFFFFFFFFFFFFFFFFFFFFFFF18
:1008F000FFFFFFFFFFFFFFFFFFFFFFFFFFFFFFFF08
:10090000FFFFFFFFFFFFFFFFFFFFFFFFFFFFFFFFF7
:10091000FFFFFFFFFFFFFFFFFFFFFFFFFFFFFFFFE7
:10092000FFFFFFFFFFFFFFFFFFFFFFFFFFFFFFFFD7
:10093000FFFFFFFFFFFFFFFFFFFFFFFFFFFFFFFFC7
:10094000FFFFFFFFFFFFFFFFFFFFFFFFFFFFFFFFB7
:10095000FFFFFFFFFFFFFFFFFFFFFFFFFFFFFFFFA7
:10096000FFFFFFFFFFFFFFFFFFFFFFFFFFFFFFFF97
:10097000FFFFFFFFFFFFFFFFFFFFFFFFFFFFFFFF87
:10098000FFFFFFFFFFFFFFFFFFFFFFFFFFFFFFFF77
:10099000FFFFFFFFFFFFFFFFFFFFFFFFFFFFFFFF67
:1009A000FFFFFFFFFFFFFFFFFFFFFFFFFFFFFFFF57
:1009B000FFFFFFFFFFFFFFFFFFFFFFFFFFFFFFFF47
:1009C000FFFFFFFFFFFFFFFFFFFFFFFFFFFFFFFF37
:1009D000FFFFFFFFFFFFFFFFFFFFFFFFFFFFFFFF27
:1009E000FFFFFFFFFFFFFFFFFFFFFFFFFFFFFFFF17
:1009F000FFFFFFFFFFFFFFFFFFFFFFFFFFFFFFFF07
:100A0000FFFFFFFFFFFFFFFFFFFFFFFFFFFFFFFFF6
:100A1000FFFFFFFFFFFFFFFFFFFFFFFFFFFFFFFFE6
:100A2000FFFFFFFFFFFFFFFFFFFFFFFFFFFFFFFFD6
:100A3000FFFFFFFFFFFFFFFFFFFFFFFFFFFFFFFFC6
:100A4000FFFFFFFFFFFFFFFFFFFFFFFFFFFFFFFFB6
:100A5000FFFFFFFFFFFFFFFFFFFFFFFFFFFFFFFFA6
:100A6000FFFFFFFFFFFFFFFFFFFFFFFFFFFFFFFF96
:100A7000FFFFFFFFFFFFFFFFFFFFFFFFFFFFFFFF86
:100A8000FFFFFFFFFFFFFFFFFFFFFFFFFFFFFFFF76
:100A9000FFFFFFFFFFFFFFFFFFFFFFFFFFFFFFFF66
:100AA000FFFFFFFFFFFFFFFFFFFFFFFFFFFFFFFF56
:100AB000FFFFFFFFFFFFFFFFFFFFFFFFFFFFFFFF46
:100AC000FFFFFFFFFFFFFFFFFFFFFFFFFFFFFFFF36
:100AD000FFFFFFFFFFFFFFFFFFFFFFFFFFFFFFFF26
:100AE000FFFFFFFFFFFFFFFFFFFFFFFFFFFFFFFF16
:100AF000FFFFFFFFFFFFFFFFFFFFFFFFFFFFFFFF06
:100B0000FFFFFFFFFFFFFFFFFFFFFFFFFFFFFFFFF5
:100B1000FFFFFFFFFFFFFFFFFFFFFFFFFFFFFFFFE5
:100B2000FFFFFFFFFFFFFFFFFFFFFFFFFFFFFFFFD5
:100B3000FFFFFFFFFFFFFFFFFFFFFFFFFFFFFFFFC5
:100B4000FFFFFFFFFFFFFFFFFFFFFFFFFFFFFFFFB5
:100B5000FFFFFFFFFFFFFFFFFFFFFFFFFFFFFFFFA5
:100B6000FFFFFFFFFFFFFFFFFFFFFFFFFFFFFFFF95
:100B7000FFFFFFFFFFFFFFFFFFFFFFFFFFFFFFFF85
:100B8000FFFFFFFFFFFFFFFFFFFFFFFFFFFFFFFF75
:100B9000FFFFFFFFFFFFFFFFFFFFFFFFFFFFFFFF65
:100BA000FFFFFFFFFFFFFFFFFFFFFFFFFFFFFFFF55
:100BB000FFFFFFFFFFFFFFFFFFFFFFFFFFFFFFFF45
:100BC000FFFFFFFFFFFFFFFFFFFFFFFFFFFFFFFF35
:100BD000FFFFFFFFFFFFFFFFFFFFFFFFFFFFFFFF25
:100BE000FFFFFFFFFFFFFFFFFFFFFFFFFFFFFFFF15
:100BF000FFFFFFFFFFFFFFFFFFFFFFFFFFFFFFFF05
:100C0000FFFFFFFFFFFFFFFFFFFFFFFFFFFFFFFFF4
:100C1000FFFFFFFFFFFFFFFFFFFFFFFFFFFFFFFFE4
:100C2000FFFFFFFFFFFFFFFFFFFFFFFFFFFFFFFFD4
:100C3000FFFFFFFFFFFFFFFFFFFFFFFFFFFFFFFFC4
:100C4000FFFFFFFFFFFFFFFFFFFFFFFFFFFFFFFFB4
:100C5000FFFFFFFFFFFFFFFFFFFFFFFFFFFFFFFFA4
:100C6000FFFFFFFFFFFFFFFFFFFFFFFFFFFFFFFF94
:100C7000FFFFFFFFFFFFFFFFFFFFFFFFFFFFFFFF84
:100C8000FFFFFFFFFFFFFFFFFFFFFFFFFFFFFFFF74
:100C9000FFFFFFFFFFFFFFFFFFFFFFFFFFFFFFFF64
:100CA000FFFFFFFFFFFFFFFFFFFFFFFFFFFFFFFF54
:100CB000FFFFFFFFFFFFFFFFFFFFFFFFFFFFFFFF44
:100CC000FFFFFFFFFFFFFFFFFFFFFFFFFFFFFFFF34
:100CD000FFFFFFFFFFFFFFFFFFFFFFFFFFFFFFFF24
:100CE000FFFFFFFFFFFFFFFFFFFFFFFFFFFFFFFF14
:100CF000FFFFFFFFFFFFFFFFFFFFFFFFFFFFFFFF04
:100D0000FFFFFFFFFFFFFFFFFFFFFFFFFFFFFFFFF3
:100D1000FFFFFFFFFFFFFFFFFFFFFFFFFFFFFFFFE3
:100D2000FFFFFFFFFFFFFFFFFFFFFFFFFFFFFFFFD3
:100D3000FFFFFFFFFFFFFFFFFFFFFFFFFFFFFFFFC3
:100D4000FFFFFFFFFFFFFFFFFFFFFFFFFFFFFFFFB3
:100D5000FFFFFFFFFFFFFFFFFFFFFFFFFFFFFFFFA3
:100D6000FFFFFFFFFFFFFFFFFFFFFFFFFFFFFFFF93
:100D7000FFFFFFFFFFFFFFFFFFFFFFFFFFFFFFFF83
:100D8000FFFFFFFFFFFFFFFFFFFFFFFFFFFFFFFF73
:100D9000FFFFFFFFFFFFFFFFFFFFFFFFFFFFFFFF63
:100DA000FFFFFFFFFFFFFFFFFFFFFFFFFFFFFFFF53
:100DB000FFFFFFFFFFFFFFFFFFFFFFFFFFFFFFFF43
:100DC000FFFFFFFFFFFFFFFFFFFFFFFFFFFFFFFF33
:100DD000FFFFFFFFFFFFFFFFFFFFFFFFFFFFFFFF23
:100DE000FFFFFFFFFFFFFFFFFFFFFFFFFFFFFFFF13
:100DF000FFFFFFFFFFFFFFFFFFFFFFFFFFFFFFFF03
:100E0000FFFFFFFFFFFFFFFFFFFFFFFFFFFFFFFFF2
:100E1000FFFFFFFFFFFFFFFFFFFFFFFFFFFFFFFFE2
:100E2000FFFFFFFFFFFFFFFFFFFFFFFFFFFFFFFFD2
:100E3000FFFFFFFFFFFFFFFFFFFFFFFFFFFFFFFFC2
:100E4000FFFFFFFFFFFFFFFFFFFFFFFFFFFFFFFFB2
:100E5000FFFFFFFFFFFFFFFFFFFFFFFFFFFFFFFFA2
:100E6000FFFFFFFFFFFFFFFFFFFFFFFFFFFFFFFF92
:100E7000FFFFFFFFFFFFFFFFFFFFFFFFFFFFFFFF82
:100E8000FFFFFFFFFFFFFFFFFFFFFFFFFFFFFFFF72
:100E9000FFFFFFFFFFFFFFFFFFFFFFFFFFFFFFFF62
:100EA000FFFFFFFFFFFFFFFFFFFFFFFFFFFFFFFF52
:100EB000FFFFFFFFFFFFFFFFFFFFFFFFFFFFFFFF42
:100EC000FFFFFFFFFFFFFFFFFFFFFFFFFFFFFFFF32
:100ED000FFFFFFFFFFFFFFFFFFFFFFFFFFFFFFFF22
:100EE000FFFFFFFFFFFFFFFFFFFFFFFFFFFFFFFF12
:100EF000FFFFFFFFFFFFFFFFFFFFFFFFFFFFFFFF02
:100F0000FFFFFFFFFFFFFFFFFFFFFFFFFFFFFFFFF1
:100F1000FFFFFFFFFFFFFFFFFFFFFFFFFFFFFFFFE1
:100F2000FFFFFFFFFFFFFFFFFFFFFFFFFFFFFFFFD1
:100F3000FFFFFFFFFFFFFFFFFFFFFFFFFFFFFFFFC1
:100F4000FFFFFFFFFFFFFFFFFFFFFFFFFFFFFFFFB1
:100F5000FFFFFFFFFFFFFFFFFFFFFFFFFFFFFFFFA1
:100F6000FFFFFFFFFFFFFFFFFFFFFFFFFFFFFFFF91
:100F7000FFFFFFFFFFFFFFFFFFFFFFFFFFFFFFFF81
:100F8000FFFFFFFFFFFFFFFFFFFFFFFFFFFFFFFF71
:100F9000FFFFFFFFFFFFFFFFFFFFFFFFFFFFFFFF61
:100FA000FFFFFFFFFFFFFFFFFFFFFFFFFFFFFFFF51
:100FB000FFFFFFFFFFFFFFFFFFFFFFFFFFFFFFFF41
:100FC000FFFFFFFFFFFFFFFFFFFFFFFFFFFFFFFF31
:100FD000FFFFFFFFFFFFFFFFFFFFFFFFFFFFFFFF21
:100FE000FFFFFFFFFFFFFFFFFFFFFFFFFFFFFFFF11
:100FF000FFFFFFFFFFFFFFFFFFFFFFFFFFFFFFFF01
:10100000D10020434D1600600000000000000000E9
:10101000201000600010006000600160000000000F
:1010200000000060006C010000000000FFFFFFFFF7
:10103000FFFFFFFFFFFFFFFFFFFFFFFFFFFFFFFFC0
:10104000FFFFFFFFFFFFFFFFFFFFFFFFFFFFFFFFB0
:10105000FFFFFFFFFFFFFFFFFFFFFFFFFFFFFFFFA0
:10106000FFFFFFFFFFFFFFFFFFFFFFFFFFFFFFFF90
:10107000FFFFFFFFFFFFFFFFFFFFFFFFFFFFFFFF80
:10108000FFFFFFFFFFFFFFFFFFFFFFFFFFFFFFFF70
:10109000FFFFFFFFFFFFFFFFFFFFFFFFFFFFFFFF60
:1010A000FFFFFFFFFFFFFFFFFFFFFFFFFFFFFFFF50
:1010B000FFFFFFFFFFFFFFFFFFFFFFFFFFFFFFFF40
:1010C000FFFFFFFFFFFFFFFFFFFFFFFFFFFFFFFF30
:1010D000FFFFFFFFFFFFFFFFFFFFFFFFFFFFFFFF20
:1010E000FFFFFFFFFFFFFFFFFFFFFFFFFFFFFFFF10
:1010F000FFFFFFFFFFFFFFFFFFFFFFFFFFFFFFFF00
:10110000FFFFFFFFFFFFFFFFFFFFFFFFFFFFFFFFEF
:10111000FFFFFFFFFFFFFFFFFFFFFFFFFFFFFFFFDF
:10112000FFFFFFFFFFFFFFFFFFFFFFFFFFFFFFFFCF
:10113000FFFFFFFFFFFFFFFFFFFFFFFFFFFFFFFFBF
:10114000FFFFFFFFFFFFFFFFFFFFFFFFFFFFFFFFAF
:10115000FFFFFFFFFFFFFFFFFFFFFFFFFFFFFFFF9F
:10116000FFFFFFFFFFFFFFFFFFFFFFFFFFFFFFFF8F
:10117000FFFFFFFFFFFFFFFFFFFFFFFFFFFFFFFF7F
:10118000FFFFFFFFFFFFFFFFFFFFFFFFFFFFFFFF6F
:10119000FFFFFFFFFFFFFFFFFFFFFFFFFFFFFFFF5F
:1011A000FFFFFFFFFFFFFFFFFFFFFFFFFFFFFFFF4F
:1011B000FFFFFFFFFFFFFFFFFFFFFFFFFFFFFFFF3F
:1011C000FFFFFFFFFFFFFFFFFFFFFFFFFFFFFFFF2F
:1011D000FFFFFFFFFFFFFFFFFFFFFFFFFFFFFFFF1F
:1011E000FFFFFFFFFFFFFFFFFFFFFFFFFFFFFFFF0F
:1011F000FFFFFFFFFFFFFFFFFFFFFFFFFFFFFFFFFF
:10120000FFFFFFFFFFFFFFFFFFFFFFFFFFFFFFFFEE
:10121000FFFFFFFFFFFFFFFFFFFFFFFFFFFFFFFFDE
:10122000FFFFFFFFFFFFFFFFFFFFFFFFFFFFFFFFCE
:10123000FFFFFFFFFFFFFFFFFFFFFFFFFFFFFFFFBE
:10124000FFFFFFFFFFFFFFFFFFFFFFFFFFFFFFFFAE
:10125000FFFFFFFFFFFFFFFFFFFFFFFFFFFFFFFF9E
:10126000FFFFFFFFFFFFFFFFFFFFFFFFFFFFFFFF8E
:10127000FFFFFFFFFFFFFFFFFFFFFFFFFFFFFFFF7E
:10128000FFFFFFFFFFFFFFFFFFFFFFFFFFFFFFFF6E
:10129000FFFFFFFFFFFFFFFFFFFFFFFFFFFFFFFF5E
:1012A000FFFFFFFFFFFFFFFFFFFFFFFFFFFFFFFF4E
:1012B000FFFFFFFFFFFFFFFFFFFFFFFFFFFFFFFF3E
:1012C000FFFFFFFFFFFFFFFFFFFFFFFFFFFFFFFF2E
:1012D000FFFFFFFFFFFFFFFFFFFFFFFFFFFFFFFF1E
:1012E000FFFFFFFFFFFFFFFFFFFFFFFFFFFFFFFF0E
:1012F000FFFFFFFFFFFFFFFFFFFFFFFFFFFFFFFFFE
:10130000FFFFFFFFFFFFFFFFFFFFFFFFFFFFFFFFED
:10131000FFFFFFFFFFFFFFFFFFFFFFFFFFFFFFFFDD
:10132000FFFFFFFFFFFFFFFFFFFFFFFFFFFFFFFFCD
:10133000FFFFFFFFFFFFFFFFFFFFFFFFFFFFFFFFBD
:10134000FFFFFFFFFFFFFFFFFFFFFFFFFFFFFFFFAD
:10135000FFFFFFFFFFFFFFFFFFFFFFFFFFFFFFFF9D
:10136000FFFFFFFFFFFFFFFFFFFFFFFFFFFFFFFF8D
:10137000FFFFFFFFFFFFFFFFFFFFFFFFFFFFFFFF7D
:10138000FFFFFFFFFFFFFFFFFFFFFFFFFFFFFFFF6D
:10139000FFFFFFFFFFFFFFFFFFFFFFFFFFFFFFFF5D
:1013A000FFFFFFFFFFFFFFFFFFFFFFFFFFFFFFFF4D
:1013B000FFFFFFFFFFFFFFFFFFFFFFFFFFFFFFFF3D
:1013C000FFFFFFFFFFFFFFFFFFFFFFFFFFFFFFFF2D
:1013D000FFFFFFFFFFFFFFFFFFFFFFFFFFFFFFFF1D
:1013E000FFFFFFFFFFFFFFFFFFFFFFFFFFFFFFFF0D
:1013F000FFFFFFFFFFFFFFFFFFFFFFFFFFFFFFFFFD
:10140000814205D051F8043B40F8043B8242F9D8B0
:10141000704700BF044A05494FF0000342F8043BFF
:101420009142FBD8704700BFC0220020C079002045
:101430002DE98848BFF34F8F00BF00BF00BF00BF3A
:1014400000F018F9684B0822C3F8542100BF00BF10
:1014500000BF00BF00BF00BF00BF00BF00BF00BF94
:1014600000BF00BF00BF00BF00BF00BF5F4A6049B0
:101470006048FFF7C5FF604A60496148FFF7C0FF59
:10148000604CFFF7C7FF4FF470004FF0E0210023DE
:101490005D4AC1F8880D44F823200133B02BFAD1FE
:1014A0005A4B80215A4A03F8011B9342FBD14FF05B
:1014B000E0254D4E4FF08039DFF884B1DFF884A18C
:1014C0004FF0FF31C5F8084D0027C6F80491C6F863
:1014D00000B1C6F8F490C6F8F0A0D5F8243DDFF8C6
:1014E000688143F4E0234B4AC5F8243DD8F81C300A
:1014F00023F07F0343F04003C8F81C30D8F82430B1
:1015000023F07F0343F04003C8F824309166D1668E
:101510001167516700F0B6F83F4B4049A363404B59
:10152000E36363236B610323AF612B613D4BC5F81C
:10153000203DD5F8FC3D43F08073C5F8FC3D3A4BA7
:101540001A6842F001021A605B680B6000F0E4FA6E
:10155000C6F804913548C6F800B1C6F8F490C6F84C
:10156000F0A000F07DFCD8F86C10314B314A41F40A
:101570004051C8F86C101F60C3F80871C3F81871A7
:10158000C3F82871C3F83871936BDB0708D442F6AF
:101590001563294951651365936B43F00103936308
:1015A000244A264C936843F00113936000F0F2F84C
:1015B00000F016FC00F050FC00F0DCFA00F05CF8E3
:1015C0002368132BFCD900F06DFB2368B3F5967FDD
:1015D000FBD300F055F800F051F800F04DFC00F09E
:1015E0002FFC30BFFDE700BF00800D40A81C0100AC
:1015F000941F006000000000C0220020403C0160F9
:10160000000000200020002089EA000000E400E043
:10161000A0E400E000C00A402DDB0000C85B002011
:1016200031DB000000002020001000E00046C32352
:101630000040084000400D400000C056CC5B002038
:101640001B1018200C0D111300C00F40054B4FF458
:101650002A01054A05485A641864054A9963954663
:10166000FFF7E6FE00C00A40BFAAAAAA07002000B2
:1016700000800620704700BF704700BF704700BF62
:1016800000BF704710B44FF0E02300211024314810
:10169000C3F8941DC3F89C4D1124C3F8A00D2E4827
:1016A000C3F89C4D1224C3F8A00D2C48C3F89C4DE0
:1016B0002B4AC3F8A00D2B4C42F015022A48C3F860
:1016C0009C4DC3F8A00D294C2948C3F89C4DC3F884
:1016D000A00D284CC3F89C2D2748284AC3F8A04DDC
:1016E000C3F89C0DC3F8A02D02F5A022244C0C32A7
:1016F0002448C3F89C4DC3F8A02D234AC3F89C0D81
:10170000224CC3F8A02D02F14062C3F89C4D204842
:10171000C3F8A02D0C32C3F89C0DC3F8A02D00BF58
:1017200000BF00BF00BF00BF0122C3F8942DBFF36C
:101730004F8FBFF36F8FC3F8501FBFF34F8FBFF3AF
:101740006F8FD3F8142D5DF8044B42F44032C3F888
:10175000142D70473F0000102500080709001000F5
:10176000C07900201300200021000207140000208F
:1017700025000813090000101600202027000B1375
:1017800017000040180000602F000B0719000070C0
:101790001A000080F0B5B84B1822B84E0120B84F9F
:1017A00083B0C3F85C62B749C3F86072B64DC3F842
:1017B0006462A6F53046B54CC3F86862C3F86C5253
:1017C000C3F87052C3F87452C3F8785248F20C75DB
:1017D000DA661A675A679A67DA67C3F88020C3F82F
:1017E0008420C3F88820C1F82C03A94AC1F830032B
:1017F000C1F83403C1F83803C1F83C03C1F8500301
:10180000A169A44B0A40A448A4491343A44AA36174
:10181000D4F8843043F00C03C4F884304FF0FF3424
:10182000036843F00203036003682B404FF4005544
:101830001A439C4B026044608A689B4C13409B4A4D
:1018400043F000538360C36823F07803C360036AE6
:10185000134023430362036A1340954A2343954C84
:1018600043628262C2620022D1F8B83023F03F03A3
:1018700043F00103C0F8B830D1F8BC308E4923F0F2
:101880003F0343F00103C0F8BC3040F2056302613E
:1018900005660467C0F88030456644670224C0F8D6
:1018A0008430036823F0020303608161834B844921
:1018B000C46143F8042B8B42FBD1774A136843F091
:1018C00001031360136813F00103FBD17A4802216E
:1018D00040F2F564906140F29940D16140F2664176
:1018E000C2F8004242F20144C2F810127549C2F82F
:1018F0002002C2F8301240F235417348C2F8344237
:10190000C2F84012714CC2F8500242F201207049F4
:10191000C2F854120121C2F86042C2F864025E4863
:10192000C2F8A030C2F8A430C2F8B0104369DA0798
:10193000FCD5012300244FF4803257494361C0F89D
:10194000A040C0F8A420C0F8B0304B69DB07FCD53C
:10195000012300244FF400304F4A4B61C1F8A040EE
:10196000C1F8A400C1F8B0305369DF07FCD50123EA
:101970000024584848495361C2F8A040C2F8A40066
:10198000C2F8B0304B69DE07FCD5D1F8003145F61E
:101990000D5221209BB24861934265D100244FF43F
:1019A000802201233C48C1F8A040C1F8A420C1F81E
:1019B000B0304369DD07FCD501234FF4000400215A
:1019C000354A4361C0F8A040C0F8A410C0F8B03058
:1019D0005369DC07FCD501234FF400044FF4803039
:1019E0002D495361C2F8A040C2F8A400C2F8B0303B
:1019F0004B69D807FCD501234FF400044FF40030A5
:101A0000254A4B61C1F8A040C1F8A400C1F8B0302C
:101A10005369D907FCD501234FF400042D481E4912
:101A20005361C2F8A040C2F8A400C2F8B0304B69BC
:101A3000DA07FCD5D1F8003145F60D5221209BB2D2
:101A40004861934250D008254FF4000422490020F9
:101A5000224B234A009015705A1A01232148224430
:101A600000F006FA03B0F0BD1E4B0022C3E90022CD
:101A7000C3E9022203B0F0BD00801F40F9B00100AD
:101A8000F910010000841F40F970010000C00F40F0
:101A9000FFFCFF1F000300A000402A4000802A40F6
:101AA0001200FFFFFF37F7004000008000FFF07CCE
:101AB000FF000F8363000200F05AF05A00422A40F0
:101AC00000432A409F041830EB06180A3806180A0B
:101AD00006320126040003000000007000000070C0
:101AE0008F790020DC5900204FF400044FF480224D
:101AF00001230848C1F8A040C1F8A420C1F8B030C3
:101B00004369DB07FCD5012310254FF08074436146
:101B10009CE700BF00402A40F0B4154A40274FF42C
:101B200080314FF480564FF400554FF4404443F257
:101B30004200136913F0020F0ED113F4005F0FD0AF
:101B400013F4805F0ED0002BF3DA13F4803F0BD137
:101B50005B060BD5F0BC7047946151619061E8E77A
:101B60005561E6E75661E4E79161E2E75761E0E736
:101B700000800D403F4A03203F49F3EE095AD2F856
:101B800080304FF0000C9FED3D6A23F001039FED84
:101B90003C5A30B4C2F88030C2F89000D1F8E0105E
:101BA000384DCBB2384C39482B6007EE903A0B0DCC
:101BB000C1F30B21F8EEE77A06EE903A07EE101A21
:101BC000334BB8EEC77A2160F8EEE66A314937EE5A
:101BD000C66A37EEC55A76EEC76A77EEE57A26EE24
:101BE000266AC3ED006A25EE265AD2F8803067EEE9
:101BF000A64AC0ED007AC6EE275A274885EE276A26
:101C0000C4EEA76A75EE875AFCEEE55A36EE076A0F
:101C100015EE904ABCEEC66A43EA045376EE877A24
:101C2000C2F8803016EE103AD2F89041FCEEE77A16
:101C300001EA0341214317EE903AC2F89011C3F331
:101C40000B03D2F890110B431449C2F89031D2F82B
:101C5000803043F00203C2F88030114B80F840C05E
:101C6000C1F840314FF0E023012230BCC3F8082115
:101C7000704700BF00810D4000441F400000AA4291
:101C80000000B442AC5B0020A85B0020B05B0020E9
:101C9000B45B00200000FF0F00E400E00020002003
:101CA0004DEC0000314B40F6617210B5C3F82021B5
:101CB00040F2044400F0CCF82D4A2E49D2F880308E
:101CC0002D4843F00303C2F880302C4BC1F860412B
:101CD00002681A4203D1D1F8A8319A071BD0254ACD
:101CE0004FF00041244B5963D2F8403143F00203D6
:101CF000C2F84031D2F840319B07FBD44FF400309A
:101D00004FF0E0211C4B4FF00042C1F88C0219202B
:101D10009A6300F099F8184A4FF08040154C002162
:101D200090630A20164B11604FF42072C4F8A8018A
:101D3000184600F099F84FF4800203464FF48100F2
:101D400040F243111860C4F858311A640D4B0E4A22
:101D5000C4F84811C3F804224FF0E0224FF40031D8
:101D60000123C2F80C11C4F8403110BD00800D40B1
:101D700000C00F4000002E4000900D40001C1E00CF
:101D8000000000200020002035EE000008B50E4BBA
:101D90001B6E9B0700D4FBBE72B60C4B00200C4A96
:101DA000C3F8400103F160430A49A3F55F231164BE
:101DB0009D46BFF34F8F4FF400130748074ADB6976
:101DC00002609B68984700BF00441F4000002E40FF
:101DD00000C00A400300200000802020000012EB19
:101DE000104BA020104AD96E41F4403110B4D9668E
:101DF00040F23764D96E41F44071D96654649064FE
:101E0000936C1B06FCD4094A40F23761A02351644D
:101E10009364936C13F08003FBD1054A13705DF853
:101E2000044B704700C00F4000400C4000800C4045
:101E30008B790020F8B500BFF8BC08BC9E467047FF
:101E40005FF800F0B5E800005FF800F0D1E60000B0
:101E50005FF800F0A5F500005FF800F0BDFE00009F
:101E60005FF800F0E1E300005FF800F0C512010048
:101E70005FF800F0FDFF00005FF800F0891401003A
:0C1E8000450000008D5C0000A56800001B
:101E8C0016035500530042002000530065007200F9
:101E9C00690061006C0000001803540065006500C7
:101EAC006E00730079006400750069006E006F00AD
:101EBC000403090409026200030100C032080B008C
:101ECC0002020201000904000001020201000524C3
:101EDC00001001052401010104240206052406005A
:101EEC00010705820310001009040100020A00001A
:101EFC0000070503024000000705840240000009AA
:101F0C0004020002FF6AFF0007058102400001077E
:101F1C00050102400001000009026200030100C03B
:101F2C0032080B0002020201000904000001020247
:101F3C0001000524001001052401010104240206FE
:101F4C0005240600010705820310000509040100A1
:101F5C00020A0000000705030200020007058402C4
:101F6C000002000904020002FF6AC7000705810293
:101F7C000002010705010200020100000A0600022E
:081F8C00EF020140010000001A
:101F9400000000000000000000000000000000003D
:101FA400000000000000000000000000000000002D
:101FB4000548064B1B1AD90F01EBA301491002D0A7
:101FC400034B03B118477047C0220020C0220020F1
:101FD4000000000008B5054B1BB105490548AFF3E7
:101FE4000080BDE80840FFF7E3BF00BF0000000029
:101FF400005A0020006C016000207047704700BF49
:1020040000207047034B186810B103681B68184719
:10201400704700BF68290020036D0BB10120704791
:10202400406D003818BF0120704700BF2DE9F04112
:1020340000F5005090B0574C9646574B0094C0F8AA
:1020440010191B6A5548C3F301230468403304F094
:1020540080746B4413F8406C514B03FB06F6036821
:10206400B6FBF1F2B6FBF2F543F0A0434D1B03605F
:102074000368DF01FCD5052A4FF0000C2AD960461D
:10208400831C0130B2FBF3F7192F07FB03F3F7D8D6
:102094004FF00108B6FBF3F3CB1A002BB8BF5B4239
:1020A400AB420BDBA7F10C0318BF4FF00008062B63
:1020B4000AD8B8F1000F07D08446E1E71D46A7F11E
:1020C4000C038446062BF4D9052FD9D80CF101034F
:1020D400B2FBF3F2B5F5967FA2F105024CDC142AAB
:1020E4004AD802EB42022F4F6E46DFF8B08002F16D
:1020F4004003BEF1020F0DEB03050FCF0FC60FCF48
:102104000FC60FCF0FC697E80F0007C626F8023B8D
:102114004FEA1343337015F83F3C15F83E2C4FEA51
:10212400C34315F8401C4FEA024203F4601301F064
:10213400070102F4E02243EA020343EA010343F401
:10214400800343EA0C6343F48043C8F80430D8F8AE
:10215400043014BF23F0080343F00803C8F8043024
:102164003CB90E4A136823F0805313601368DB01F3
:10217400FCD410B0BDE8F081002CFAD1074A1368F2
:1021840023F0805313601368D901FCD410B0BDE868
:10219400F08100BF3C18500000C00F4000001D40FB
:1021A40040420F008002002008B5836803B19847BD
:1021B400044AD3889BB243F48043D380BFF34F8F48
:1021C40008BD00BF00800B4008B5836803B1984781
:1021D400034A137803F0F7031370BFF34F8F08BD5E
:1021E40000400B40002070470020704708207047D3
:1021F40010B50446806D18B110F068FA0023A36589
:10220400236D2BB104F11800BDE810400AF096BF0D
:10221400636D002BF6D110BDF0EE086A9FED327AA3
:10222400F7EE007ADFED315A80EE266A66EE076A31
:1022340077EEC67A86EEA77AB4EEE57AF1EE10FA76
:1022440048DADFED2B7AB4EEE77AF1EE10FA47D9EB
:102254000022CD2110B4274C8B1A02EB630304EB4C
:102264008300D0ED007AB4EE677AF1EE10FA34D040
:10227400B4EEE77AF1EE10FA4CBF5A1C03F1FF31C9
:102284009142E9DA04EB820304EB8104D3ED006AA2
:10229400D4ED007A76EEC76A77EEC77AB0EEE67AC6
:1022A400F0EEE77AB4EEE77AF1EE10FA4CBF07EEFF
:1022B400902A07EE901AF8EEE77A9FED0F6A9FEDE9
:1022C4000F7A9FED0F0AC7EE866A5DF8044BA6EEFF
:1022D400870A70479FED0A0A704707EE903AEAE7CB
:1022E4009FED080A704700BF00401C464310D548C4
:1022F400AEC79243100B002000004E4300004D4334
:1023040000005CC23E01154310490B68486B0A6823
:10231400496B02F07F02C1F3036101320431B2EB75
:10232400410F10D303F07F03C0F30360053B01307A
:10233400A3EB4003DBB2054A106800F07F000130D4
:10234400C01AC0B270470023F5E700BF00001D406B
:1023540010B50446806D00B110BD4FF4807010F0CC
:10236400ADF9A065B0B10022236D02703BB1014606
:102374004FF4807218460AF031FBA06D10BD636DF6
:10238400002BE9D001464FF48072184607F0D4FFC1
:10239400A06D10BD014B1846A36510BD8A790020BD
:1023A40038B5056D6DB10BB1002038BD1146284616
:1023B40009F050F80028F7D02846BDE8384009F065
:1023C400EBB9446D002CEFD0204606F007FC002842
:1023D400EAD02046BDE8384007F07ABA8A79A2F1FB
:1023E40050031B0622D402F26C72F0B54B7985B00F
:1023F400046D01330D798E784F78DBB209784CB1D6
:10240400204601960095CDE90271042109F058F99E
:1024140005B0F0BD406D0028FAD001960095CDE9D5
:102424000271042107F098F905B0F0BD002070474F
:1024340010B50446006D80B1037813F0700F00D11D
:1024440010BD002109F006F8606D0028F8D00022C4
:102454000023BDE8104006F0C1BB606D0028EFD03A
:1024640090F8313013F0500FEAD000220023BDE879
:10247400104006F0B3BB00BF036D10B50C4682B02C
:102484002BB30DF1060201A9184608F089FB38B3F5
:10249400BDF80430BDF8062053EA020120D0C2F38F
:1024A400451C02F01F00D20AC3F34311400084F814
:1024B40001C0A2705A0A013903F01F0302F5EA624F
:1024C4002070012061712371A27102B010BD406DB2
:1024D40030B10DF1060201A906F026FA0028D7D181
:1024E400002002B010BD00BF036D10B50C4682B0D1
:1024F4002BB30DF1060201A9184608F041FB38B3CD
:10250400BDF80430BDF8062053EA020120D0C2F31E
:10251400451C02F01F00D20AC3F34311400084F8A3
:1025240001C0A2705A0A013903F01F0302F5EA62DE
:102534002070012061712371A27102B010BD406D41
:1025440030B10DF1060201A906F0DCF90028D7D15B
:10255400002002B010BD00BF3B4B1B6870B50C4699
:1025640099000546164604D5FFF7CEFEA04200D9D1
:1025740070BD35490B6803F07F0301339C42F7D2E9
:10258400324B23444FEA031CDCF800301A01EFD429
:10259400DCF80030086813F4001F0B682C4A00F0C4
:1025A400807043F0A0430B602A4B18BF1A460B6897
:1025B400DB01FCD54B6BC3F3004342EA8372264B29
:1025C40023449B001A60DCF800309A0237D5C6F326
:1025D4001103CCF8043038B91B4A136823F0805334
:1025E40013601368DB01FCD404EB440305EBC30361
:1025F40003F50452146042F20414116841F080019E
:102604001160116841F000511160DCF8001010688D
:1026140011F4C00F14BF0121002140EAC160002160
:10262400106042F20C121E5142F2081442F21010D1
:102634001951995042F214121950995070BD044B1B
:1026440003EA8643C5E700BF00001D4008D001042B
:102654000000FC1FFFFF030020420710006990B137
:102664000368154A1B69934225D1036D63B1187839
:1026740010F0080007D0D8695B69C01A48BF6FF032
:102684000040704718467047436D002BFAD093F80A
:10269400310010F00800F6D0186919685A69401A18
:1026A4005B6862EB0303B0F1004F73F10003EAD3FC
:1026B4006FF0004070471847E10A0000036973B1E6
:1026C4001A68084952698A4207D1186D08B108F09E
:1026D4004DBD586D18B106F06BBA184610474FF04F
:1026E400FF3070472D090000036963B11A68074978
:1026F40092698A4208D1186D08B108F0DBBF586DA1
:1027040008B106F0B3BE704718461047D10900005F
:1027140000B5006983B08DF8071060B10368104AF2
:10272400DB68934215D1036D43B101220DF107011A
:10273400184609F06BF803B05DF804FB406D0028FF
:10274400F9D001220DF1070107F034F903B05DF867
:1027540004FB01220DF10701984703B05DF804FB67
:10276400F9090000036923B31968134A10B58C688A
:1027740082B0944214D1186D48B101220DF10701C1
:1027840008F020FC90B19DF8070002B010BD586D10
:102794000028F8D001220DF1070106F039F9F1E71C
:1027A40001220DF107011846A047EBE74FF0FF3077
:1027B400EBE74FF0FF3070476D090000036D13B174
:1027C400586900217047436D13B1D3E90001704784
:1027D40018461946704700BF036D13B1D86900212C
:1027E4007047436D13B1D3E9040170471846194685
:1027F400704700BFF0B595B000224FF47A74244FAF
:102804001831054604A88DF80C200097CDE9012461
:10281400CDE912220AF0FEFC129B002B2DD05C2085
:1028240000260EF0B1F8019B04464660C36004A97B
:10283400029B183040F8083C9DF80C3000F8043C2A
:10284400144B40F8183C144B40F8103C0AF034FC8C
:10285400124B4FF47A72A7602B606368A66501334C
:102864006E602E73AA602C6163600D4B04A8009304
:102874000AF064FC284615B0F0BD139B002BCED1A2
:10288400064A2B732A602B61C5E90134EDE700BFCA
:10289400F01100201412002070120020C411002036
:1028A40008110020836C13B1184608F05FBCC06C9B
:1028B40008B106F07DB94FF0FF307047036D13B1D6
:1028C400184608F053BC406D08B106F071B94FF0DA
:1028D400FF307047036D33B11B7813F0700F14BFD2
:1028E400012000207047406D30B190F8313013F072
:1028F400500F14BF01200020704700BF036D13B1B7
:10290400184608F05FBB406D08B106F081B84FF07F
:10291400FF307047836C00B583B063B101220DF1C1
:102924000701184608F04EFB01280CD19DF807005A
:1029340003B05DF804FBC06C28B101220DF107015E
:1029440006F066F8F0E74FF0FF30F1E7836C13B15F
:10295400184608F0AFBEC06C08B106F087BD7047DA
:10296400036D13B1184608F0A5BE406D08B106F01A
:102974007DBD7047836C13B1184608F047BFC06C27
:1029840008B107F017B87047036D13B1184608F083
:102994003DBF406D08B107F00DB8704700B5836CBA
:1029A40083B08DF8071043B101220DF107011846D9
:1029B40008F02CFF03B05DF804FBC06C0028F9D0CC
:1029C40001220DF1070106F0F5FF03B05DF804FBE9
:1029D4008A79A2F150031B0622D402F26C72F0B57C
:1029E4004B7985B0046D01330D798E784F78DBB265
:1029F40009784CB1204601960095CDE90271022177
:102A040008F05EFE05B0F0BD406D0028FAD00196D6
:102A14000095CDE90271022106F09EFE05B0F0BDDD
:102A240000207047836C53B1187810F008000DD063
:102A3400D8695B69C01A48BF6FF000407047C36C27
:102A4400A3B193F8310010F0080000D17047186961
:102A540019685A69401A5B6862EB0303B0F1004FCE
:102A640073F10003F2D36FF0004070471846EDE7AE
:102A7400036D53B1187810F008000DD0D8695B6964
:102A8400C01A48BF6FF000407047436DA3B193F87C
:102A9400310010F0080000D17047186919685A69AC
:102AA400401A5B6862EB0303B0F1004F73F100035B
:102AB400F2D36FF0004070471846EDE70369D3B1D5
:102AC4000E4810B41C68E46884420FD1186D18B124
:102AD4005DF8044B08F09ABE586D18B15DF8044BCC
:102AE40006F068BF00205DF8044B70471846234683
:102AF4005DF8044B18470020704700BFF909000037
:102B040038B504460C4B806D236018B10FF0DEFD20
:102B14000023A365236D04F118054BB128460AF080
:102B24000DFB064B2846A3600AF008FB204638BD7F
:102B3400636D002BF2D1F4E7141200200811002079
:102B44000B4B186888B103680A4A1B6893420DD17D
:102B5400836810B503B19847074AD3889BB243F4FE
:102B64008043D380BFF34F8F10BD7047184700BF19
:102B74006C2900201902000000800B4038B504467F
:102B84000E4B806D236018B10FF0A0FD0023A365E8
:102B9400236D04F118056BB128460AF0CFFA084BEF
:102BA4002846A3600AF0CAFA20465C210DF0EEFE26
:102BB400204638BD636D002BEED1F0E714120020DF
:102BC40008110020634A2DE9F0411468136804F0E9
:102BD400807443F0A04313601368DD01FCD51168D1
:102BE4000023DFF878C121F000515B4F594E11608A
:102BF400194653629362126803EB0C02DD19013328
:102C04001201AD00D160DBB29160516011602960A6
:102C1400326802F07F0201329342EDD3B164316134
:102C2400F26A336BF26233633368002849D1DFF808
:102C34002C810546474E484F19E0336803F07F0363
:102C44000133B0EB930F34BF4FF080634FF08C63CC
:102C54001360736BC3F300439B070B603368013548
:102C640003F07F03EDB2013328469D421ED2336840
:102C740005EB0802E91903F07F031201890001330F
:102C8400B0EB530FD9D34FF00063136033689A004D
:102C940003D5FFF739FBA842E0D801231F2D03FA1F
:102CA40005F34CD8B26A1343B362D7E73CB9294A57
:102CB400136823F0805313601368DB01FCD4BDE870
:102CC400F08143F000533360356815F000553ED071
:102CD400FFF71AFB3368054603F07F030133834291
:102CE400E4D91E4F4FF00066DFF868800DE0D8F895
:102CF40028201343C8F82830D8F80030013503F0F1
:102D04007F03EDB201339D42D0D2EB191B011E604B
:102D1400D8F80030990003D5FFF7F6FA8542EBD3D3
:102D240001231F2D03FA05F3E1D9A5F120010123A5
:102D3400D8F824208B401343C8F82430DCE7A5F1ED
:102D440020010123726A8B401343736286E7336860
:102D5400C7E700BF00001D402042071008D001044F
:102D640030B4029C11469C4634B1012C1CD0022C78
:102D74000ED0002030BC7047056DF5B14FF0FF3325
:102D8400934274EB0C04F4D3284630BC08F062BBC5
:102D9400026D0AB3D36959184CF10003002BE8D132
:102DA400104630BC08F056BB026D62B15369591825
:102DB4004CF10003002BDCD1F2E7406D0028D8D0A1
:102DC40030BC05F00BBF406D0028D2D0D0E9002301
:102DD4008A184CEB0303F3E7406D0028C9D0D0E90F
:102DE400042330BC8A184CEB030305F0F7BE00BF84
:102DF4002DE9F041434C98460646174625680C7861
:102E0400AB0005D5FFF780FA844201D2BDE8F0811A
:102E14001F2C32D83B4901228B6AA24023EA0203C9
:102E24008B62394A3B782244012B4FEA0212116823
:102E34004FF0000151609160D16055D03BB398F8D8
:102E44000030042B41D02F4B1F2C9B6843D8012307
:102E5400A3402C49086B03430B63136804EB44043D
:102E640013F4C00F06EBC40014BF0123002300F5C4
:102E74000454DB062360BDE8F0812249A4F1200359
:102E840001229A404B6A23EA02034B62C9E74FF0DE
:102E940000631F2C1B4898F8005013600AD80123C4
:102EA400816A042D03FA04F341EA030181620CD020
:102EB4008168CEE7A4F120010123042D03FA01F374
:102EC400416A41EA030141621AD100231F2C1360B5
:102ED4000C4B9B68BBD9A4F1200101238B40094909
:102EE400C86A0343CB62B8E798F80030012B03D0DB
:102EF4004FF080611160A4E74FF08C631360A2E788
:102F04008168ECE700001D4008D0010470B5244B33
:102F1400044605690360002D32D06E68013E6E6080
:102F240076BB2B681F4ADB6A93422FD1A86D10B180
:102F34000FF0CCFBAE652B6D23B305F118000AF03E
:102F4400FDF82569E5B12B68174A5B68934224D1E3
:102F5400164BA86D2B6018B10FF0B8FB0023AB65BE
:102F64002B6D05F11806A3B130460AF0E7F8104BB3
:102F74003046AB600AF0E2F85C2128460DF006FD0D
:102F8400204670BD6B6D002BD7D1DAE728469847F1
:102F9400D7E76B6D002BE7D1E9E728469847EFE7C1
:102FA400C411002061020000ED0B00001412002087
:102FB4000811002070B5264B044605690360002DF6
:102FC40032D06E68013E6E6076BB2B68214ADB6AA4
:102FD400934233D1A86D10B10FF078FBAE652B6D21
:102FE40043B305F118000AF0A9F82569E5B12B6887
:102FF400194A5B68934228D1184BA86D2B6018B10D
:103004000FF064FB0023AB652B6D05F11806C3B10B
:1030140030460AF093F8124B3046AB600AF08EF853
:103024005C2128460DF0B2FC204614210DF0AEFCC4
:10303400204670BD6B6D002BD3D1D6E72846984748
:10304400D3E76B6D002BE3D1E5E728469847EBE720
:10305400C411002061020000ED0B000014120020D6
:103064000811002030B482B00C4602AB03E906001C
:10307400C37C002B30D072B6C37CDA0708D54FF07E
:10308400E0214569D1F880212A408262C1F880217B
:103094009D0708D54FF0E0218569D1F884212A40A5
:1030A400C262C1F88421590708D54FF0E021C569EF
:1030B400D1F888212A400263C1F888211A0708D56B
:1030C4004FF0E021056AD1F88C212A404263C1F80F
:1030D4008C21DB062FD462B683689C4235D0224B08
:1030E40084609B69214AC3F30111C3F3826352F8DC
:1030F40021100133B1FBF3F2CCB1944227D8B2FBD7
:10310400F4F3B2FBF3F294422CD3B3F5817F20D3D2
:10311400174CC460036803220020019918615A62A5
:1031240001221C6419661A6102B030BC70479942CE
:10313400EFD3531CE9E74FF0E022416AD2F8903113
:103144000B408363C2F89031C5E7C468E2E700240A
:10315400DFE7022BFBD9023B5A08140244EA02447B
:103164001C43D6E71A46E4E700C00F403C13002096
:10317400FF7F7F00002138B5434D08460DF0EEFA7D
:1031840084232A685366D36D13F4F81FFBD00023FD
:10319400516F5366D36D13F4F81FFBD0536F06249D
:1031A40000215166D36D13F4F81FFBD0013C536F1B
:1031B400F7D1012120460DF0D1FA02200DF050FA8A
:1031C400214620460DF0CAFA2A6830235366D36D8F
:1031D40013F4F81FFBD0536F062400215166D36DFE
:1031E40013F4F81FFBD0013C536FF7D101212046A3
:1031F4000DF0B4FA02200DF033FA214620460DF00A
:10320400ADFA2A685466D36D13F4F81FFBD0546FDB
:103214000023E4B25366D36D13F4F81FFBD0556F4B
:10322400062000215166D36D13F4F81FFBD001383A
:10323400536FF7D1240101210DF090FAE4B2402C30
:1032440003D12D0115F0F00F1CD018210F480EF0FA
:10325400D5FC0F480CF0E2FC002302224FF4046179
:103264000B480CF0E9FC0A480CF0D8FC00230222BD
:10327400074819460CF0E0FC05480CF0CFFC054B60
:1032840001221A7038BD00BF0C1B0020540400201A
:103294005C1B00208D790020614A624908B5624BAD
:1032A40093ED007A13462DED068B93ED008A91ED94
:1032B400009A02F5CC71F0EE487A4432F0EE488A76
:1032C400A2F1400301E0F3EC017AF4EE487AF1EE66
:1032D40010FAF4EE678A48BFB0EE678AF1EE10FA8E
:1032E40048BFF0EE678A9342EDD103F14402914264
:1032F40002D052ED117AE3E74C4AF0EE497AF0EE4F
:10330400499A02F1B401A2F1200301E0F3EC017A3D
:10331400B4EE679AF1EE10FAF4EE679A37FE899AE2
:10332400F1EE10FA48BFF0EE679A9A42EED12432D9
:10333400914202D052ED097AE5E7B0EE47AA3C4B40
:10334400F0EE47AA03F11002B4EE4A7AF1EE10FA55
:1033540037FE0AAA9A4210D0B3EC017AB4EE6A7A24
:10336400F1EE10FAB4EE4A7A48BFF0EE47AAF1EE55
:1033740010FA37FE0AAA9A42EED112212D480EF015
:103384003DFCB7EEE80A02212B480CF0BDFC2A48AC
:103394000CF044FC122129480EF030FCB7EEC80AA8
:1033A400022125480CF0B0FC23480CF037FC0F2117
:1033B40023480EF023FCB7EEE90A02211E480CF064
:1033C400A3FC1D480CF02AFC0F211E480EF016FC2D
:1033D400B7EEC90A022118480CF096FC16480CF006
:1033E4001DFC0E2118480EF009FCB7EECA0A022192
:1033F40011480CF089FC10480CF010FC0E21134805
:103404000EF0FCFBB7EEEA0A02210B480CF07CFC40
:103414000948BDEC068BBDE808400CF0FFBB00BFBB
:10342400BC56002008560020B45900202C56002019
:10343400B8590020EC0300205C1B0020000400208D
:103444001404002024040020340400204404002038
:103454002DE9F04F014DA3B0014C05E05C1B0020A9
:10346400B40400200CF05CFE00230A2229460EA8B6
:103474000CF000FD0EA80CF04FFF21460EA80CF036
:1034840019FF03460EA8002BECD00EA80CF048FE42
:103494000023AA4A0EA8AA4909F06AFF209B002B20
:1034A40000F020835C2000240DF06EFA00F1180B6C
:1034B400064612A94460A34DDDE90F23C0E90323A6
:1034C4009DF84430A04A0375A04B026083605846BF
:1034D40009F0F2FD736812A8B4650133B560736036
:1034E4009B4B02930E9309F029FE3368994ADB6BD8
:1034F400934240F0328322460F948DF8444059465B
:1035040012A80E95CDE920444FF47A74109409F072
:1035140081FE209B002B00F0FA825C2000250DF038
:1035240033FA894B04464560036012A9874B18306F
:1035340040F8103C0F9B40F80C3C109B40F8083CB2
:103544009DF8443000F8043C09F0B6FD7D4BA565B8
:10355400A3606368059501338DF81C50089463607B
:103564004FF47A7306937C4BCDE90333029B12A884
:103574000E9309F0E3FD0898002800F02C83774BA4
:103584000027DFF8E4A101935B46DFF8E091B3463E
:10359400DFF8DC811E460368714A1B6B934240F0DE
:1035A4003182036D002B00F09681DAF80030BB42C3
:1035B40040F39A81089C002C50D02368019ADB6A5E
:1035C400934240F05782A06D18B10FF07FF80023AA
:1035D400A365236D002B00F0108204F1180009F09C
:1035E400ADFD089D6C68013C6C60002C34D12B68E7
:1035F400019ADB6A934240F04582A86D10B10FF046
:1036040065F8AC652B6D002B00F0378205F11800CE
:1036140009F094FD089CFCB12368524A5B6893420C
:1036240040F05282484BA06D236018B10FF04EF861
:103634000023A365236D04F11805002B00F03C82E0
:10364400284609F07BFD029B2846A36009F076FD1D
:1036540020465C210DF09AF900230893DBF8003032
:103664003C4ADB6B934240F000820022354B4FF41E
:103674007A74314612A80E930F928DF84420109458
:10368400CDE9202209F0C6FD209B002B00F0A98182
:103694005C2000250DF078F92B4B0446456003604F
:1036A40012A92A4B183040F8103C0F9B40F80C3CF0
:1036B400109B40F8083C9DF8443000F8043C09F0A5
:1036C400FBFC204BA565A360039B0A9509936368E3
:1036D4008DF8305001330D9463604FF47A730B937B
:1036E400029B12A80E9309F029FD089C002C58D0C7
:1036F4006568013D6560002D53D12368019ADB6A3A
:10370400934240F0DE81A06D10B10EF0DFFFA5659D
:10371400236D002B00F0B98104F1180009F00EFDAF
:10372400089C002C3DD023680E4A5B68934240F00D
:10373400D681054BA06D23601CE000BFBC040020B3
:103744008C240020F011002014120020701200209C
:103754000811002065080000C41100206102000067
:1037640089000000ED0B0000EC590020E10A000084
:103774006D09000018B10EF0A9FF0023A365236DA5
:1037840004F11805002B00F0A581284609F0D6FCA9
:10379400029B2846A36009F0D1FC20465C210DF071
:1037A400F5F80D980137089000287FF4F4AE3346FD
:1037B4005E469B463368019ADB6A934240F0CA81B5
:1037C400B06D18B10EF082FF0023B365336D002B8A
:1037D40000F0AA81584609F0B1FC7468013C746099
:1037E400002C2FD13368019ADB6A934240F0CF81D9
:1037F400B06D10B10EF06AFFB465336D002B00F0AC
:103804009881584609F09AFC3368A24A5B6893424F
:1038140040F0DB81A04BB06D336018B10EF056FF61
:103824000023B365336D002B00F0B481584609F0D2
:1038340085FC029B5846B36009F080FC5C2130464D
:103844000DF0A4F8102195480EF0D8F994480CF026
:10385400E5F9039B089C0493002C39D06568013D6D
:103864006560002D34D123688E4ADB6A934240F0B0
:103874009681A06D10B10EF029FFA565236D002B74
:1038840000F05C8104F1180009F058FC089CFCB1BC
:103894002368804A5B68934240F094817E4BA06D1C
:1038A400236018B10EF012FF0023A365236D04F109
:1038B4001805002B00F08181284609F03FFC029B8B
:1038C4002846A36009F03AFC5C2120460DF05EF81E
:1038D40023B0BDE8F08F436D002B3FF468AFDAF8F6
:1038E4000030BB423FF766AE089D002D00F0EF802C
:1038F4002B686D4A5B6B934240F02581AC6D002CC4
:1039040000F0328120460FF083FF014620460EF07E
:1039140075F963480CF082F9089B002B40D01A68B3
:1039240012694A4573D11A6D002A00F08880117813
:10393400090735D5D0695269801A6AD5002B75D02C
:103944001A689468444575D1186D002865D0012221
:103954000EA907F037FB002868D09DF838402046B0
:103964000EF036F90A2CD7D14D4D504C01E00CF035
:10397400D7FB00230A2229460EA80CF07BFA0EA8D6
:103984000CF0CAFC21460EA80CF094FC03460EA8C9
:10399400002BECD00EA80CF0C3FB089B002BBED16F
:1039A400042143480EF02AF93D483D4D0CF036F908
:1039B400404C01E00CF0B4FB00230A2229460EA877
:1039C4000CF058FA0EA80CF0A7FC21460EA80CF037
:1039D40071FC03460EA8002BECD00EA80CF0A0FB43
:1039E400E8E5219B002B7FF453AE8DF830300D9326
:1039F400CDE90A34039B099372E6636D002B7FF4CF
:103A0400ECADEEE5984700283FF4D1AECDE518467D
:103A140090470028C4D0089B90E7586D00289CD09C
:103A240001220EA904F0F4FF002896D1FF200EF025
:103A3400CFF871E7184601220EA9A0478BE75B6D0A
:103A4400002BADD093F831201207A9D51A68186954
:103A5400801A5A695B6862EB0303B0F1004F73F19B
:103A64000003D6D36FF00040D3E70022594609A8DB
:103A740098473AE620469847B3E56B6D002B7FF4F0
:103A8400C5ADC7E528469847C4E5636D002B7FF4B0
:103A940043AE45E6ED0B000014120020D8040020CC
:103AA4005C1B002061020000C1030000C004002070
:103AB400E4040020CC040020636D002B7FF4C0AD2F
:103AC400C1E5204698472BE620469847C4E5294699
:103AD400424C1BE7636D002B7FF457AE58E620463B
:103AE40098475EE6219C002C7FF4DCAC3C4B12A88A
:103AF4003C4D02930E93039509F020FB4FF47A7327
:103B040005948DF81C400495069308949AE6219B2D
:103B1400002B7FF402AD8DF81C300893CDE90534F9
:103B2400304BCDE9033321E5736D002B7FF452AEA6
:103B340053E6736D002B7FF464AE65E6636D002B72
:103B44007FF4A0AEA2E6284698470446002C3FF432
:103B5400E0AED7E6304698473FE62246314604A811
:103B64009847204B039306E54FF480700EF0A6FDB2
:103B74000146A86560B30470286D98B14FF4807253
:103B840008F02CFFAC6D002C3FF4C3AEBAE630460F
:103B9400984739E6736D002B7FF448AE49E620461A
:103BA400984773E6686D18B14FF4807206F0C4FB51
:103BB400AC6D002C3FF4ADAEA4E6636D002B7FF436
:103BC4007BAE7CE62046984782E63046984739E645
:103BD400054CAC6596E6054B0193EBE53C0F0020E4
:103BE40008110020C41100208A790020610200001D
:103BF4002DE9F04FFE21BB482DED028BABB004F054
:103C0400AFFD002800F09284B64BD3F88424002A38
:103C140000F069830DF1580800231146B24A40466A
:103C2400169307F07BF9002800F06C83AF4B0DF17D
:103C3400680903930023AE4AAE49404609F098FB55
:103C4400289B002B00F0BA845C2000240CF09CFE1E
:103C5400179B00F1180B0546C3604946189B446046
:103C640003619DF86430A44E0375A44B0360049370
:103C7400A34B8360584609F01FFA039B4846AC6582
:103C840016936B68AE6001336B6009F057FA2B68CA
:103C94009C4ADB6B934240F0D284224617948DF801
:103CA4006440594648461696CDE928444FF47A7440
:103CB400189409F0AFFA289B002B00F0AD845C2027
:103CC40000260CF061FE049B0446466003604946EE
:103CD4008B4B183040F8103C179B40F80C3C189B59
:103CE40040F8083C9DF8643000F8043C09F0E4F91D
:103CF400814BA665A36063680D9601338DF83C6023
:103D0400109463604FF47A730E937F4B06930C9375
:103D1400039B4846169309F011FA1098002800F006
:103D2400D3840027DFF800A208EE108A3C463E4602
:103D34000368764A1B6B934240F09583036D002B16
:103D440000F06183109B0137002B00F055831A6843
:103D54006F49526B8A4240F09E83D3F85880B8F181
:103D6400000F00F0B98340460FF052FD0146404673
:103D74000DF044FF012167480DF040FF1098002822
:103D840000F03E8303689A6A634B9A4240F07F8353
:103D9400036D002B00F03C83DA6900230A21002024
:103DA400CDE900105D480BF05BFF06215C480DF087
:103DB40025FF5A480BF032FFDDF84080B8F1000FC0
:103DC40075D0D8F8001054488A6A824240F0508373
:103DD400D8F85020002A00F03483D269121914460E
:103DE40046F10006CA6A524540F03A83D8F85800B2
:103DF40020B10EF06BFC0022C8F85820D8F85020EF
:103E0400002A00F0188308F1180009F097F9DDF88A
:103E14004080D8F80430013BC8F804300593002BE7
:103E240043D1D8F80010C96A514540F07783D8F8D7
:103E3400580020B10EF04AFC059BC8F85830D8F859
:103E44005030002B00F0648308F1180009F076F973
:103E5400DDF84080B8F1000F27D0D8F800203149B0
:103E640052688A4240F07E83049BD8F85800C8F810
:103E7400003020B10EF02AFC0022C8F85820D8F8EF
:103E84005020002A00F0618308F1180210460592C0
:103E940009F054F9059A039B1046C8F8083009F054
:103EA4004DF940465C210CF071FD002310932B6802
:103EB400144ADB6B934240F0F68200220E4B4FF41F
:103EC4007A7859464846169317928DF86420CDF8AF
:103ED4006080CDE9282209F09DF9289B002B00F091
:103EE4009E8223E08824002034030020081100204F
:103EF400BC0400208C240020F011002014120020A7
:103F04007012002065080000C41100208900000020
:103F1400C103000040030020490800005C1B00208E
:103F240044030020ED0B0000610200005C200CF053
:103F34002BFD049B179A804603604946C2601830E3
:103F4400189A994B40F8082C40F8103C00239DF82F
:103F5400642040F8143C00F8042C09F0ADF8934BAD
:103F6400CDF85480C8F808300023C8F858301293AC
:103F74008DF85030069B1193D8F804300133C8F8FB
:103F840004304FF47A731393039B4846169309F055
:103F9400D5F8109B002B47D05A68013A5A60059215
:103FA400002A41D11968C96A514540F0D682986DFA
:103FB40028B107930EF08AFB079B059A9A651A6D40
:103FC400002A00F0AE8203F1180009F0B7F8DDF81A
:103FD4004080B8F1000F27D0D8F800207449526807
:103FE4008A4240F0E882049BD8F85800C8F80030B0
:103FF40020B10EF06BFB0022C8F85820D8F85020EE
:10400400002A00F0C28208F118021046059209F055
:1040140095F8059A039B1046C8F8083009F08EF805
:1040240040465C210CF0B2FC1598109000287FF4F7
:104034007FAE221918EE108A46EB0603121946EBDE
:1040440003034FEA4219590112EB090941EAD2610B
:1040540043EB010319EB040946EB03032A68D26A14
:10406400524540F0E782A86D28B105930EF02EFB6F
:104074000022059BAA652A6D002A00F0C8825846D2
:10408400059309F05BF8059B6A68013A6A6005923A
:10409400002A39D12968C96A514540F0DD82A86DEA
:1040A40028B107930EF012FB059A079BAA652A6DA7
:1040B400002A00F0CC825846059309F03FF8059B8E
:1040C4002A683B4952688A4240F0E282049AA86D09
:1040D4002A6028B104930EF0F9FA0022049BAA6521
:1040E4002A6D002A00F0C7825846049309F026F886
:1040F400049B04935846039BAB6009F01FF82846C1
:104104005C210CF043FC049B0E212A4804930DF01F
:1041140075FD049B4846284D19460EF005F995EDAA
:10412400007A9FED1D8BB7EEC77A41EC160B27EE94
:10413400087B0221214886EE070B0BF0E5FD0221E6
:104144001F480DF05BFD1D480BF068FD204631460D
:104154000EF0EAF895ED007AB7EEC77A9FED106B92
:1041640027EE087B27EE067B41EC160BB4EEC76BFB
:10417400F1EE10FA00F33A82DFF85090D9F80030EB
:10418400002B6CD107F1630A01240E4F0E4EDFF8A9
:1041940040B02BE0AFF300800000000065CDCD41BE
:1041A400CDCCCCCCCCCCEC3F70120020F011002054
:1041B400ED0B00004C030020B81A00205C1B00200B
:1041C4005C0300207803002080030020B059002005
:1041D40080190020CDF858C006F0A0FE002839D080
:1041E400013409A80BF09CFF544538DC394640469D
:1041F4000BF05CFF0A22214611A80BF0CDFF11A998
:1042040040460CF041F831460CF046F8014609A846
:104214000BF06AFF11A80BF083FF40460BF080FF00
:104224004FF0000C099A4046A14963466245D1F813
:10423400841408BF5A460029CCD19D4D0B46D5F8AD
:1042440088C4BCF1000F05D02291614604F084FFBC
:104254000028C5D109A8C9F800400BF061FF069BEE
:10426400109C0C93002C39D06568013D6560002DCD
:1042740034D123688F4ADB6A934240F00682A06DF2
:1042840010B10EF023FAA565236D002B00F0EE812A
:1042940004F1180008F052FF109CFCB12368864A10
:1042A4005B68934240F00182844BA06D236018B197
:1042B4000EF00CFA0023A365236D04F11805002BFE
:1042C40000F0EE81284608F039FF039B2846A360DE
:1042D40008F034FF5C2120460CF058FB2BB0BDECF9
:1042E400028BBDE8F08F724B0DF15808D3F8881497
:1042F40041B1134622924046714A04F02DFF002832
:104304007FF494AC44F202236D4A6E49404609F0AE
:104314002FF8289B002B00F040815C2000240CF037
:1043240033FB664B0DF1680900F11805049306464A
:104334004946DFF880A1C0E90034179BC360189B8D
:1043440003619DF8643003755F4B8360284608F071
:10435400B3FE73684846B465013373605B4BB36066
:104364005B4B0393169308F0E9FE3368DB6A53450D
:1043740040F09381B06D10B10EF0A8F9B465336DBF
:10438400002B00F07D81284608F0D8FE7468013CBB
:104394007460002C7FF44EAC3368DB6A534540F004
:1043A4008781B06D10B10EF091F9B465336D002BB7
:1043B40000F05781284608F0C1FE33683E4A5B6826
:1043C400934240F07D81049BB06D336018B10EF0D0
:1043D4007DF90023B365336D002B00F06C81284612
:1043E40008F0ACFE039B2846B36008F0A7FE3046F5
:1043F4005C210CF0CBFA1DE41946DFF8D880B6E452
:1044040002460346CAE4436D002B7FF49BAC10E6DE
:10441400436D002B00F0A480D3E90423BEE4299B60
:10442400002B7FF483AD8DF850301593CDE912380D
:10443400069B1193A8E5D8F85420002A7FF4E3AC36
:10444400E5E4D8F8540000283FF4CCAC0269406994
:10445400A2181446CA6A46EB000652453FF4C6AC9D
:1044640040469047D3E4984700283FF4E2AD69E41E
:1044740040469047DDF84080001946EB01060446AB
:10448400B8F1000F3FF413ADD8F80010AAE4904738
:1044940002460B4682E4184690478046B8F1000F66
:1044A4003FF468AC5FE40022294611A8984770E500
:1044B4008824002061020000ED0B0000141200208B
:1044C400340300208C24002070120020F0110020FE
:1044D400081100203C0F00204FF4807005930EF06B
:1044E400EDF8059B01469865002800F0F58080F8FA
:1044F4000080186D002838D04FF4807208F06EFAEE
:10450400059BD3F85880B8F1000F3FF433AC2AE48C
:10451400D8F85430002B7FF497AC99E44046884790
:1045240096E45A6D002A7FF44EAD50E51E216D4885
:104534000DF064FB6C480BF071FB6C4B01221A709C
:104544002BB0BDEC028BBDE8F08FD8F85420002AC4
:104554007FF49AAC08F118029DE41846884736E5C2
:104564001A461BE4404690479FE4586D28B14FF427
:104574008072059305F0E0FE059BD3F85880B8F1EE
:10458400000F3FF4F7ABFFF7EEBBD8F85420002A36
:104594007FF439AD08F118023CE5299B002B7FF428
:1045A400BCAE0DF16809524B48460393169308F0CC
:1045B400C5FDFFF73FBB4046904735E5299C002CDD
:1045C4007FF442AB039B48462746A146169308F066
:1045D400B5FD4FF47A7326460D940E93454B8DF832
:1045E4003C4006930C93234610948DE515214248D4
:1045F4000DF004FB3C480BF011FB3C4B01220699E7
:10460400109C0C911A70002C7FF42EAE66E66A6D35
:10461400002A7FF434AD37E5299B002B7FF44FABA0
:104624008DF83C301093CDE90D34324B06930C9346
:10463400FFF76EBB059328469047059B24E5224669
:1046440029460CA898472B4B0693FFF766BB6A6D67
:10465400002A7FF430AD33E5059328468847059B4F
:104664002EE5736D002B7FF4A5AEA6E6636D002BDB
:104674007FF40EAE10E66A6D002A7FF435AD38E59E
:10468400736D002B7FF47FAE80E62046984703E6E7
:10469400049328469047049B36E53046984775E6D0
:1046A400636D002B7FF40EAE0FE62046984715E6A7
:1046B4003046984781E6736D002B7FF490AE91E607
:1046C40030469847FFF7B6BA8146DFF834A0034670
:1046D400074604460646C1E4084A90469A65FFF731
:1046E40042BB00BF140300205C1B00209079002013
:1046F40008110020C4110020600300208A790020E2
:1047040061020000444A134602F5CC714432D3EDF1
:10471400007AB0EE677A10B5A2F1400301E0B3EC81
:10472400017AB4EE677AF1EE10FA48BFF0EE477AF8
:104734009A42F4D144328A4202D012ED117AEBE764
:104744009FED367AF4EEC77AF1EE10FA5FDAB0EE46
:10475400047AF4EEC77AF1EE10FA41D90022172157
:104764002F4C8B1A02EB630304EB830090ED007A69
:10477400B4EE677AF1EE10FA4CD0B4EEE77AF1EECB
:1047840010FACCBF5A1C03F1FF319142E9DA002A36
:104794003DD0244B91009FED245A03EB82029FED00
:1047A400237AD2ED006A0A1F214413441444D1ED44
:1047B400004AD3ED005A94ED006A77EEE47A75EE80
:1047C400E65A36EE646AC5EE864AE4EEA76A75EEEA
:1047D400667AC7EE856AF0EE477AE6EEC77A01E0BC
:1047E400DFED137A134C05211348C4ED007A0DF064
:1047F40005FA94ED000A02211048B7EEC00A0BF046
:1048040083FA0E480BF00AFA94ED000A10BDDFEDAE
:10481400077AE7E71A46BAE7185A00206666864020
:1048240070080020B00A002079D390450000C842E7
:1048340000000000C05B00200C0300205C1B002073
:104844002DE9F04F9DB05F4908A80BF02FFC5E4B9B
:104854000A2203A819680BF09FFC03A908A80BF00F
:1048640013FD5A490BF018FD014668460BF03CFC59
:1048740003A80BF055FC08A80BF052FC009A002A80
:1048840000F04A8244F2022308A8514908F070FD5E
:104894001A9B002B00F067815C2000250CF074F853
:1048A4004C4B0CAE04464C4F3146C0E90035099BD5
:1048B400183040F80C3C494B40F8103C0A9B40F837
:1048C400083C9DF82C3000F8043C08F0F5FB6368C4
:1048D400A565013304958DF818506360404B039728
:1048E400A3604FF47A73079405933E4B30460893C4
:1048F40008F024FC079C002C00F02F8123683A491F
:104904001A6B8A4240F01882206D002800F03A8128
:10491400DB68364A934240F080820622344906F02E
:1049240075FF344903A80BF047F903A80BF076F997
:10493400079B6BB11A68D4682C4A944240F0688291
:10494400186D002800F0408209222B4906F05EFF12
:104954002A4EDFF8B4A0DFF8AC8006F5AA7BDFF8B6
:104964008C90A6F144045546224F1BE094ED000AB6
:10497400042103A8B7EEC00A0BF0C6F9079A62B186
:104984001368DB684B4540F07681106D002800F019
:104994000B8102221A4906F039FF04340435B4426B
:1049A40000F00F81414638460BF084FC0028DDD12D
:1049B40095ED000A042103A8B7EEC00A0BF0A4F990
:1049C400DCE700BF78030020B059002080030020FA
:1049D4008C24002014120020C41100207012002026
:1049E400F01100200811002089000000F9090000DE
:1049F400A8030020F4590020B0030020245F002005
:104A0400C4030020BC030020BC560020079B63B1F4
:104A14001A68D4684C4540F07581186D002800F080
:104A240044810122A54906F0F1FE24360AF1240A44
:104A34005E4540F0F380079B6BB11A68D468A04AC6
:104A4400944240F0F781186D002800F0B4810922E7
:104A54009C4906F0DBFE9C499C480BF02BFC00288B
:104A640040F05C819A4B93ED000AB7EEC00A022134
:104A740003A80BF049F9079B6BB11A68D468904AF4
:104A8400944240F0D281186D002800F08281062201
:104A9400904906F0BBFE8C498C480BF00BFC0028B7
:104AA40000F043818C4A002311680A2203A80BF00A
:104AB400C3F803A80BF0B2F8079C002C4DD0236870
:104AC400864EDB6AB34240F0AD81A06D18B10DF0A3
:104AD400FDFD0023A365236D002B00F0878104F105
:104AE400180008F02BFB079D6C68013C6C60002CDF
:104AF40033D12B68DB6AB34240F0A681A86D10B1B4
:104B04000DF0E4FDAC652B6D002B00F0988105F1F0
:104B1400180008F013FB079CFCB12368704A5B681B
:104B2400934240F06B816F4BA06D236018B10DF080
:104B3400CDFD0023A365236D04F11805002B00F0BF
:104B44005081284608F0FAFA674B2846A36008F01B
:104B5400F5FA5C2120460BF019FF68460BF0E0FAE9
:104B64001DB0BDE8F08F1B9B002B7FF495AE4FF476
:104B74007A725E4F0CAE04938DF818300592039749
:104B84000793B2E6626D002A00F03B81DB684C4A71
:104B9400934240F04281606D00283FF4C2AE062289
:104BA400534904F007FFBCE6506D00283FF4F5AE0E
:104BB400043402224F49043504F0FCFEB4427FF46D
:104BC400F1AE079B5BB11A68D4684C4540F09F80F6
:104BD400186D002861D00122384906F017FE4436CA
:104BE4000AF1440AB3457FF4BCAE079B6BB11A6863
:104BF400D468334A944240F00681186D002800F0CE
:104C0400D1800E223C4906F001FE3C4EDFF8F0A0B4
:104C1400DFF8B48006F1B40BDFF8A490A6F1240405
:104C240055462A4F18E094ED000A022103A8B7EE76
:104C3400C00A0BF069F8079A4AB11368DB684B4560
:104C440026D1106DE0B102222A4906F0DFFD0434BA
:104C54000435A6423FF4DAAE414638460BF02AFB4F
:104C64000028E0D195ED000A022103A8B7EEC00A9E
:104C74000BF04AF8DFE710461E49022298478CE6FB
:104C8400506D0028E3D002221A4904F093FEDEE7B7
:104C94001046184902229847D9E7586D00289ED03B
:104CA4000122064904F086FE99E7586D00283FF476
:104CB400BCAE0122014904F07DFEB6E64C0F002093
:104CC400F9090000D8030020BC030020F459002097
:104CD400AC590020E40300203C5D00206102000088
:104CE400ED0B00001412002008110020C411002054
:104CF400A8030020C4030020C8030020F85B0020A0
:104D040008560020184601225149A0478DE618464E
:104D140001224F49A04762E74E4AB3E54E4A4F4B42
:104D240092ED000A83ED000A9FE64D4A034611689E
:104D34004C4A1268891AB8E620469047079CD8B9AD
:104D44000397002C3FF409AF6568013D6560002DB1
:104D54007FF403AF2368444ADB6A93424BD1A06DCE
:104D640010B10DF0B3FCA565236D002B35D004F113
:104D7400180008F0E3F9CEE6002C3FF4D2AD236826
:104D84003A4ADB68934248D1206D00287FF4C5ADD0
:104D940001E7586D00283FF47EAE0622344904F042
:104DA40009FE78E6586D00283FF42FAF0E223149F2
:104DB40004F000FE29E7586D00283FF44CAE0922A8
:104DC4002D4904F0F7FD46E6586D00283FF4C0ADC8
:104DD40009222A4904F0EEFDBAE5636D002BC6D121
:104DE40099E6636D002B7FF4ACAEADE6636D002BEA
:104DF4007FF475AE77E6204698478CE620469847C0
:104E0400ABE60397A0E718460E221A49A047FCE632
:104E1400184609221949A0479AE52046062218494E
:104E240098477EE5204698475DE6184606221049D5
:104E3400A04730E6184609220F49A0470BE66B6DE0
:104E4400002B7FF464AE66E62846984763E600BF0D
:104E54004C0F00208019002014580020AC59002069
:104E6400CC5B0020C45B002061020000F909000053
:104E7400E4030020C8030020D8030020B00300206E
:104E8400A80300202DE9F047DFF81CA14FEA102801
:104E9400DFF81891C5B2DAF80030D9F800209B1A6F
:104EA400B3F5E16F4ED30C21384806240CF0A6FE6E
:104EB40037480AF0B3FE00210A200BF04FFC012012
:104EC4000BF0CEFB0A2001210BF048FC01200BF073
:104ED400C7FB013CEFD1DAF800302E4E2E4C0021F6
:104EE4000A20C9F800300BF039FC34F81820336874
:104EF40082F4805285EAD2101102C2B289B234F827
:104F04001220C3F864804A40520002F0FE00C2F34B
:104F14000721DA6D12F4F81FFBD05A6F5D66DA6D63
:104F240012F4F81FFBD05A6F5966DA6D12F4F81FA9
:104F3400FBD05A6F5866DA6D12F4F81FFBD05B6F22
:104F4400BDE8F0870624134EFF2700210A200BF04A
:104F540005FC32685766D36D13F4F81FFBD00121AA
:104F64000A20536F0BF0FAFB013CEED10B490C4ABB
:104F74000C4B48681268A3FB0232920C4B681B1A54
:104F84009A42FBD8DAF80030A8E700BF9803002063
:104F94005C1B0020BC1A002044050020001000E027
:104FA400B01A002083DE1B43CC5B0020BC5B0020D6
:104FB4002DE9F84F0E46DFF8F0B0384DFFF762FFE9
:104FC400B41D06F1050ADFF8E4902436344FE11FDE
:104FD400FF20DBF800205066D36D13F4F81FFBD0DC
:104FE400536F01F8013F8A45F3D1DBF80030FF220B
:104FF4005A66DA6D12F4F81FFBD0586FFF22C0B264
:105004005A66DA6D12F4F81FFBD05A6FA11F1023F1
:105014005FFA82FC11F8012B82EAD3128C424FEA28
:105024000323D2B29BB235F8122083EA0203F1D1F2
:105034005B009AB2C3F3072383420DD1D2B2624517
:105044000AD106340AF1060AA642C0D101210A2077
:10505400BDE8F84F0BF082BB092148460CF0CEFDA9
:1050640038460AF0DBFD4FF006080C210D480CF021
:10507400C5FD38460AF0D2FD00210A200BF06EFB74
:1050840001200BF0EDFA0A2001210BF067FB01204F
:105094000BF0E6FAB8F10108EED1D2E7440500209E
:1050A4005C1B002098030020BC1A0020EC040020A4
:1050B40070B500234449454DF0EE046A44481C464B
:1050C4000B702A469FED437A002103701346002695
:1050D400F3EC017AF4EEC77AF1EE10FA36D5F4EE79
:1050E400E67AF1EE10FA31DD013643F8041C112E94
:1050F400EED101344432052CE8D1374A0025002191
:105104009FED367A13460024F3EC017AF5EEC07A6B
:10511400F1EE10FA3BDDF4EEC77AF1EE10FA36D573
:10512400013443F8041C092CEED101352432052D39
:10513400E8D1012114200BF011FB294B45F2555104
:105144004AF6AA22012059805A8070BD04EB041447
:105154000021142034440BF001FB4FF47A700BF05F
:105164007FFA0F2105EB84051E480CF047FD1E480D
:105174000AF054FD95ED000A02211B48B7EEC00A5F
:105184000AF0C2FD18480AF049FD002070BD002154
:1051940014200BF0E3FA4FF47A700BF061FA152146
:1051A40012480CF02BFD691C0F480AF02BFD052159
:1051B4000F480CF023FD611C0B480AF023FD0A483C
:1051C4000AF02CFD002070BD91790020BC5600200F
:1051D40092790020666686400856002000007042DE
:1051E40000800B40700400205C1B00208004002021
:1051F4009804002000000000002110B508460BF0C0
:10520400ADFA454B00221B685A66DA6D12F4F81F9A
:10521400FBD00022596F5A66DA6D12F4F81FFBD0E6
:105224000022596F5A66DA6D12F4F81FFBD0596FD9
:105234000022C9B25A660902DA6D12F4F81FFBD0D3
:105244005A6FB1EE044ADFED352AB0EE046BD2B2E8
:10525400334CDFED344A114394ED005A324807EEE3
:10526400901AB7EEC55AF8EE677A9FED273B87EEA2
:10527400A27A27EE047AB7EEC77A37EE467B87EE3A
:10528400036B36EE457BB7EEC77BB4EEE47A80ED74
:10529400007AF1EE10FA2DDD00225A66DA6D12F46E
:1052A400F81FFBD0596F0022C9B25A660902DA6DA1
:1052B40012F4F81FFBD05B6FF1EE043A9FED173A3E
:1052C400B0EE046BDBB2194307EE901AF8EE677A7E
:1052D4009FED0F4B87EE837A27EE237AB7EEC77ADA
:1052E40037EE467B87EE046B36EE457BB7EEC77B25
:1052F40080ED007A0D4A0121002013680B44BDE8BB
:10530400104013600BF02ABA107A36AB3E579B3F1D
:10531400FCA9F1D24D62703F0C1B002000FF7F47B7
:10532400A85900200000484210580020A459002029
:1053340010B50C46FFF7A6FD0C4B1B78012B00D0D3
:105344008CB90B4BFF211A685166D36D13F4F81F07
:10535400FBD0536FDBB2002BF6D001210A20BDE84D
:1053640010400BF0FBB9FFF747FFEAE78D79002007
:10537400BC1A0020000000002DE9F04F604B03240C
:10538400604F0025DFF88C912DED028B8DB093E8F2
:10539400070001AE0DF12E0886E807009FED528B41
:1053A40000214FF41870FFF7C3FF00233B6004A9EA
:1053B40036F8020BFFF7FCFD4FF0000AD7ED006A48
:1053C4000DF1100CCE46704661462A46102A02F1B1
:1053D400010215DC91F801B0A24211F8023B4FF032
:1053E400010A43EA0B2307EE103AB8EEC77B27EE17
:1053F400087BB7EEC77B76EE876AA0EC017AE5D12D
:105404000CF1060C0EF1440EC445DCD1BAF1000FC8
:1054140001D0C7ED006A0335033409F10C09122DDC
:10542400C5D1394B93ED007A9FED316BB7EEC77A56
:10543400B4EEC67BF1EE10FA06D59FED2F6BB4EEF9
:10544400C67BF1EE10FA0ADC304B0121304A1B789E
:1054540011705BB90DB0BDEC028BBDE8F08F4FF459
:10546400AA722C492C480BF0F5F9EDE709212B48D9
:105474002B4E4FF00008DFF8B8900CF0BFFB294D1D
:10548400294F28480AF0CAFB08F1010807214846B9
:10549400A6F144040CF0B2FB414628460AF0B2FBE4
:1054A40028460AF0BBFBB4EC010A02212846B7EEF9
:1054B400C00A0AF029FC012138460CF09FFBA642E1
:1054C400F1D1002119480CF099FB28460AF0A6FBFB
:1054D400B8F1050F06F14406D6D10DB0BDEC028B30
:1054E400BDE8F08FAFF300802D431CEBE2361A3F8A
:1054F4009A9999999999C93F9A9999999999C9BFEA
:10550400C00200206C5B0020105800208E7900201F
:1055140092790020BC560020185A0020A0040020D4
:10552400005700205C1B0020940400203C0F002046
:10553400AC040020000000002DE9F0430E22604B73
:105544002DED028B8BB0ADF802200193002871D1B0
:1055540001464FF48C60FFF7EBFE4FF000086D46F8
:105564000C20584E47469FED548BA8F1010902A91F
:10557400FFF71EFD0024B9FA89F902A94FEA591967
:10558400012C0FDDB9F1000F0CD001340231022CD3
:1055940001DC082FF4DD092F08F101081ED035F8CD
:1055A400020FE2E706EB8700002201F1010E1EF86C
:1055B40002C08B5C063243EA0C231E2A07EE103A23
:1055C400034600F12400B8EEC77B27EE087BB7EE54
:1055D400C77B83ED007AEAD10137D6E73A4EB0EEC5
:1055E400085ADFED3A4A06F1B4073546A5F124041A
:1055F40005E0FCF711FEA54204ED010A0CD0B4EC61
:10560400010AB4EE450AF1EE10FAF2D1B0EE640AE2
:10561400A54204ED010AF2D12435BD42E6D12C4B5A
:1056240001212C4A1B78117053B90BB0BDEC028BCD
:10563400BDE8F08300214FF48A60FFF779FE8CE720
:105644000E2125484FF00008DFF89C90234D0CF004
:10565400D5FA234F21480AF0E1FA08F1010807219D
:105664004846A6F124040CF0C9FA414628460AF03B
:10567400C9FA28460AF0D2FAB4EC010A02212846F3
:10568400B7EEC00A0AF040FB012138460CF0B6FA26
:10569400A642F1D1002113480CF0B0FA28460AF0D2
:1056A400BDFAB8F1050F06F12406D6D10BB0BDEC56
:1056B400028BBDE8F08300BF2D431CEBE2361A3F9A
:1056C4000D000F00085600202C56002000005CC27C
:1056D4008E79002091790020880300205C1B002033
:1056E400940400203C0F0020AC04002008B50F21D6
:1056F40008480CF083FA08480AF090FAFFF73CFED9
:105704000020FFF719FFFFF7D3FC044B01221A70A6
:1057140008BD00BFFC0200205C1B00209D79002016
:1057240070B5584B82B05849002201930B6AC3F3F9
:10573400012308336B4413F8043CC0E90122C0E997
:105744000322002B00F0858000F500554E492420EB
:105754004E4B01244E4A0226C5F80C091220C3F808
:10576400D0208A6E4B4B42F470328A6641F2B0010B
:1057740085F81549484A494CC3F81C01C3F80C1371
:10578400E664C3F82001C3F81013136823F0004340
:105794001360136843F0A04313601368DC01FCD565
:1057A40053683D4943F008035360136843F0804352
:1057B40013600B68D802FCD40B68374A43F00073BB
:1057C4000B6013689901FCD4334C2368DA01FCD5CF
:1057D4002368002043F400332360236843F48033B8
:1057E4002360236843F480532360236843F4005305
:1057F4002360236843F480032360236843F4002375
:105804002360236823F408432360636B43F4E02399
:105814006363236843F400132360236843F08063C5
:105824002360FDF7CFF923681B4A23F080532360DC
:105834001368DB01FCD4D5F80C290121184B03EBC8
:10584400521302F01F029B0001FA02F21A6002B026
:1058540070BD0B6A134A23F47F7343F480730B62A5
:105864001368002B3FF470AF0B4A00F500551C6819
:1058740018465268D5F81019C2F3C0026368520082
:10588400984763E73C18500000C00F4000200020F8
:105894007500000000801F4000001D4000841F4070
:1058A40040380038682900201F291C4810B423D828
:1058B4000123046B8B4023430363194B4FF00064B3
:1058C400D0790B441B011C60F8B1117A10680905EA
:1058D40020F0604041F4C0015860D0685DF8044B8A
:1058E40000BA9860106900BAD860D27A41EA0242DC
:1058F40042F040621A607047A1F1200C0123C46A8F
:1059040003FA0CF32343C362D7E714680548117AFA
:1059140000EA844009055860DFE700BF00001D402D
:1059240008D001040000FC1F70B50C46054686B083
:10593400086805F5805C4968A268EE46E3681A26A3
:10594400AEE80F00BCF81C3B0022206903F00F03F3
:10595400616941F6303406FB03C383F8302B182207
:10596400BCF81C3B03F00F0306FB03C383F8312B85
:10597400BCF81C3B03F00F03AEE8030006FB035521
:10598400EE462C44BEE80F00C4F80200C4F806102A
:10599400C4F80A20C4F80E30BEE80300C4F81200AC
:1059A400C4F81610BCF81C2BBCF81A3B92B29BB27C
:1059B40083F010039A4206D1BCF81A3B013303F07A
:1059C4001F03ACF81A3BBCF81C3B013303F01F0364
:1059D400ACF81C3BBCF81E3B9BB20F2B05D8BCF8A3
:1059E4001E3B01339BB2ACF81E3B06B070BD00BF3A
:1059F4008B7D70B50D4686B00446444E002B3ED1D7
:105A0400336813F0005C25D0FCF77EFC33688446D1
:105A140003F07F03013398421ED23D493B4807E01F
:105A240003685FFA82FC03F07F0301339C4513D2C1
:105A34000CEB01030CF101021B011B68C3F30363AC
:105A4400082BEDD120462A466146FFF72DFF0120A1
:105A540006B070BD3368E0E70FCDEC46FF26ACE836
:105A64000F0095E803008CE80300204669468DF892
:105A74001460FFF759FF4FF0FF3006B070BD306877
:105A840010F000503FD0FCF73FFC336803F07F0375
:105A94000133834226D91E491C4E05E0336803F0C6
:105AA4007F03013398421DD24318421C84461B01D4
:105AB400D0B21A681201F1D51B68C3F30363082B33
:105AC40018D06E460FCD0FC695E8030086E8030094
:105AD400204669468DF814C0FFF726FF4FF0FF30CB
:105AE40006B070BD0B4B4FF0FF3C1B68C3F3036360
:105AF400082BE6D120462A465FFA8CF1FFF7D4FE44
:105B0400012006B070BD3368C5E700BF00001D402A
:105B140008D0010470001D402DE9F043002187B036
:105B2400074615200AF01AFE012116206D460AF0D8
:105B340015FE01200AF094FD254B264A6E461B886B
:105B44004FF00108128803EB8304DFF894C002EBE2
:105B54008202DFF8909064004FEA420EA4B29EFAEB
:105B64009EFE64BABCE80F000FC59CE80300CDF8A4
:105B740000908DF80780ADF80CE0ADF80E4085E894
:105B84000300314614488DF81070FFF731FF9DF87B
:105B94000B30B3B10DF10B05DFF84C800F4F2C46E1
:105BA4000023022215F8011F40460A3C0AF044F87B
:105BB40001213846A41B0CF021F89DF80B30A342B8
:105BC400EDDC002116200AF0C9FD07B0BDE8F08322
:105BD400F21F0020F41F0020F02C00209404002069
:105BE400CC020020F4E506185C1B00200000000035
:105BF40070B52DED048B88B0FFF7BEFB0020FFF7D6
:105C04009BFC9F4A9F4B02F5CC7193ED009A13467F
:105C1400443293ED008AF0EE487AF0EE488AA2F11D
:105C2400400301E0F3EC017AB4EE678AF1EE10FA76
:105C3400F4EE678A37FE888AF1EE10FA48BFF0EE78
:105C4400678A9A42EED14432914202D052ED117ADF
:105C5400E5E78D4AF0EE497A02F1B401A2F120039E
:105C640001E0F3EC017AF4EE497AF1EE10FA37FE32
:105C7400899A9A42F5D12432914202D052ED097A9E
:105C8400ECE7DFED827A0D2181480726B4EEE79A2E
:105C9400F1EE10FA8CBF042450240BF0AFFF002364
:105CA4000A2221467B48254609F0C6FF794809F0B7
:105CB400B5FF00211520784C0AF050FD0121162073
:105CC4000AF04CFD01200AF0CBFC744B9FED747A72
:105CD4000DF1080CD3ED007AF4EEC77A0FCCF1EE97
:105CE40010FAACE80F0094E8030002968CE8030075
:105CF40080F2AD80F5EEC07AF1EE10FA40F29D80AC
:105D0400C7EE876A9FED5C5BB7EEE67A27EE057B0C
:105D1400FCEEC77BCDED017A9DF80430614A9FED1E
:105D2400627AD2ED007A8DF81430F4EEC77AF1EE8F
:105D340010FA80F29480F5EEC07AF1EE10FA40F297
:105D44009280C7EE876A9FED4C5BB7EEE67A27EE4A
:105D5400057BFCEEC77BCDED017A9DF80430F1EEB6
:105D6400047A8DF81530F4EEE78AF1EE10FA74DA5D
:105D7400F5EEC08AF1EE10FA73D988EEA77A9FED9A
:105D84003E6BB7EEC77A27EE067BFCEEC77BCDED04
:105D9400017A9DF80430DFED457A8DF81630B4EEC3
:105DA400E79AF1EE10FA56DAB5EEC09AF1EE10FA6F
:105DB4005DD989EE277A9FED306BB7EEC77A27EE6F
:105DC400067BFCEEC77BCDED017A9DF80430F1EE45
:105DD400047A8DF81730B4EEE78AF1EE10FA38DA67
:105DE400B5EEC08AF1EE10FA3FD988EE277A9FED1E
:105DF400226BB7EEC77A27EE067BFCEEC77BCDEDB0
:105E0400017A9DF8042002A929488DF818208DF8FC
:105E140019308DF81A50FFF7EBFD80B11221254897
:105E24000BF0ECFE1B4809F0F9FE002116200AF0E5
:105E340095FC08B0BDEC048B70BD00236EE7152102
:105E44001D480BF0DBFE134809F0E8FEEDE7642380
:105E540064E70522D7E79623B9E705239BE7C82320
:105E64007DE7002397E7002379E70022CBE70023AF
:105E7400ADE700BFAFF300800000000000E06F401A
:105E8400BC560020085600202C56002000005C421E
:105E9400080500205C1B0020CC020020C05B002011
:105EA4000000C842AC5900200000484300001643DB
:105EB400F02C0020180500202C05002000F580534C
:105EC400D3F8003EDB0069D5374B2DE9F04F5E6B0C
:105ED4004FF0000E41F6146941F60467C6F30366F9
:105EE40041F60868F600083609E013685B0F052BD5
:105EF40034D00EF1010E5FFA8EF39E4250D90EEBB0
:105F04004E0500EBC50C0CF5F05213685B0F012B2A
:105F140013680DD05B0F022BE7D15CF807308B427E
:105F2400E7D85CF808308B42E3D30120BDE8F08F5A
:105F340013F4607FDDD06D00002304E01468C4F323
:105F4400C21C6345D5D2013305EB030CDBB20CF55F
:105F5400F06C50F82C408C42F0D1E6E7136813F44F
:105F6400607FC6D0CC446D00012405E01368C3F300
:105F7400C21301339C42BCD22B19DCF800A00134BB
:105F840003F5F0630AEA010AE4B250F82330DCF8BE
:105F940000B003EA0B039A45E8D1C6E70120704735
:105FA4000020BDE8F08F00BF00001D4001EB41015F
:105FB40070B500EBC10404F5045EDEF80030DB00CC
:105FC40028D5DEF800305B0F012B0BD0DEF8003053
:105FD4005B0F022B42D0DEF800305B0F052B1BD089
:105FE400002070BDDEF8004014F4607FF8D0002378
:105FF4004D0005E0DEF80010C1F3C21C6345EFD28A
:10600400013305EB030CDBB20CF5046C50F82C40A7
:106014009442EFD1012070BDDEF8005015F4607F8A
:10602400DED042F2141549000123254407E0DEF8CE
:106034000040C4F3C21C0CF1010C6345D0D22C689F
:1060440004EA020CCC18013304F50464DBB250F802
:1060540024402E683440A445E9D1DBE742F204131E
:10606400E3589342BCD842F20813E058904234BF3C
:106074000020012070BD00BF0B78632B10B50446CF
:1060840082B0104613D003F51C6304EB83035B68F2
:1060940013B101929847019804F50054D4F80438D8
:1060A4001BB102B0BDE81040184702B010BD04F5A2
:1060B4000054D4F80437002BF0D00192984701988B
:1060C400ECE700BF2DE9F04F8C468DB00F46054636
:1060D4006C46064600F110084FF00109DFF814A1E0
:1060E400BCE80F000FC49CE8030084E8030056F8E2
:1060F400044F5CB19DF91420A36809FA02F1194216
:1061040056D02368D3F800B0D3454CD14645EED1E0
:1061140005F5005393F80037002B5FD0EE8A4FF05B
:106124001A0C386806AC7968F6B2BA68FB680CFBDE
:1061340006560FC4002338697969182286F81A3183
:10614400EB8A0DEB0206DBB20CFB035303C483F8AA
:106154001B21EC8AE4B20FCE0CFB0454C4F81C01DE
:10616400C4F82011C4F82421C4F8283103CEC4F89B
:106174002C01C4F83011EA8AAB8A92B29BB283F440
:1061840080739A4224D0EB8A0133C3F30803EB8271
:106194002B8B9BB2FF2B03D82B8B01339BB22B830E
:1061A4000DB0BDE8F08F9DF8153069462046D847FC
:1061B400237C002BAAD02368D3F800B09DF81530B7
:1061C400D345A3D020464FF0FF326946D8479DE718
:1061D400AB8A0133C3F30803AB82D4E73B7D3A4671
:1061E40006A928468DF81830FFF746FF0DB0BDE824
:1061F400F08F00BF7100000000F5005393F80137E1
:10620400002B00F0DB80DFF86CC22DE9F04F0F4665
:1062140089B005460E4602AC0FCF0FC497E80300C1
:1062240084E80300DCF800309B0052D5DCF83430FD
:1062340000244FF06309C3F3036A22464FEACA0AF3
:106244000AF1080A0CE05B0F022B3B6800F09A800D
:106254005B0F052B00F0DD800134E2B2924538D9A2
:1062640096F91430632B34D004EB440805EBC80BC7
:106274000BF5F0573B6813F0604FEDD03B685B0FB4
:10628400012B3B68DFD1C3F30043F2799A42E3D197
:106294003B6813F4607FDFD04FEA480B002306E02D
:1062A4003A685FFA88F3C2F3C2129342D4D203F17C
:1062B4000108029A0BEB080303F5F06355F8233049
:1062C4009A42EDD102A928468DF81C90FFF7FAFEF8
:1062D400E6E70023674F8DF80E303C6814F0005455
:1062E4003FD0FCF711F83B68044603F07F03013309
:1062F400834233D942F2041742F20818DFF874914A
:1063040096F91430A34220D004EB440105EBC102FA
:1063140002F5045ADAF8003013F0604F15D0DAF8B9
:106324000030F079C3F3C06398420ED1DAF800303C
:106334005B0F012BDAF8003041D05B0F022B12D037
:10634400DAF800305B0F052B5BD0D9F8003001344C
:1063540003F07F03E4B201339C42D1D309B0BDE81A
:10636400F08F3B68C6E7D159029B8B42EDD352F8BC
:1063740008209342E9D802A928468DF81C40FFF76B
:10638400A1FEE2E7C3F30043F2799A427FF464AFDB
:1063940041F604635BF80320029B9342FFF45CAF75
:1063A40041F608625BF8022093423FF655AF02A91A
:1063B40028468DF81C90FFF785FE4DE7704713F4CF
:1063C400607FC2D04A00002307E0DAF800105FFAC9
:1063D4008BF3C1F3C2118B42B7D203F1010B0299C3
:1063E40002EB0B0303F5046355F823309942ECD117
:1063F40002A9284600928DF81C40FFF763FE009A1C
:10640400E3E7029A21462846FFF7D0FD00289CD0F6
:10641400B1E73B6813F4607F3FF41EAF41F61463A9
:1064240001275B440AE00BF5F05101370968FFB21C
:10643400C1F3C21101318F42BFF40EAF07EB480123
:10644400186801F5F06155F821E00299D3F800C00D
:1064540008400EEA0C018842E5D102A928460193BE
:106464008DF80E2000928DF81C90FFF72BFEDDE9CD
:106474000023D8E700001D402DE9F84FA04D044645
:1064840006460FCD0FC495E8030084E803000021FD
:1064940015200AF063F90221002009F0D3FD20B988
:1064A400984B1A68900000F1E680964B1F6817F02D
:1064B400005702D0FBF728FF0746924CDFF85CA296
:1064C40022689AF8143902F07F020132934200F2F2
:1064D400DD800325DFF84882AAF5005956E000293B
:1064E4005CD0B1FA81F2C2F14002934253DB2068DE
:1064F40010F0005001D0FBF707FF013D8AF81409A2
:1065040015F0FF0500F0C28023689A0005D5874284
:1065140003D9781EC0B28AF81409236803F07F03F4
:10652400013398420CD3206810F0005001D0FBF7DF
:10653400EBFE013D8AF8140915F0FF0500F0A68072
:10654400D4F824C0C0F12001A36AA0F120020CFAFF
:1065540001F1C3402CFA02F20B431343DB070BD4C3
:1065640000EB08031B011A68110105D4110E01F098
:106574000B0CBCF1020F15D02268013002F07F022F
:10658400C3B201328AF8143993427FD8E16A226B8C
:1065940052EA0100A3D19AF81409B5E7B2FA82F2DB
:1065A4002032A0E702F4001EC2F3005C01F00F01E8
:1065B400BEF1000F86F808C014BF4FF0010C4FF075
:1065C400000C86F807C0D3F804C02CF0604C08BF58
:1065D4004FEA9C4C0629C6F800C001D10121717212
:1065E400307501309AF81519BEF1000FB280C2F36C
:1065F4000342717518BF4FF08C618AF8140908BF03
:106604004FF08061F2729A68F2739A68120AB27358
:106614009A68120C72739A68120E3273DA68F27402
:10662400DA68120AB274DA68120C7274DA68120E3A
:1066340032741960337DA2681F2B14D8012202FA28
:1066440003F3226B1343236331464846FFF7D4FD1B
:10665400D6F800B0317D48465A46FFF7A7FCB8B9D2
:106664009AF8140988E70122203B02FA03F3E26A4C
:106674001343E362E8E79A6A91063FF516AF1A6B93
:1066840092067FF512AF1A6897004BD4D6F800B083
:10669400BBF1000F02D01C4B1B7813B93046BDE888
:1066A400F88F042119480BF0A9FA0023102231684D
:1066B400174809F0C1FA072116480BF09FFA14484D
:1066C40009F0ACFAF37AABB106F10B05DFF84080C0
:1066D400114F2C460023022215F8011F40460A3CA4
:1066E40009F0AAFA01213846A41B0BF087FAF37AC1
:1066F400A342EEDC0A200BF06BFA3046BDE8F88FBB
:10670400E402002000001D408E790020F8040020DF
:106714005C1B00200005002094040020F04C0020A5
:1067240008D001041A68150402D49B6A9C06ADD4EF
:106734001F4A136B9806A9D5D2F8803003F40010D1
:10674400C3F30341B3800028F172D2F88410C3F379
:10675400005014BF0122002221F060413072F27116
:106764004FEAD35308BF890C114A12483160D2F85A
:10677400881090F8150909BAF160D2F88C10707578
:10678400632009BAB371307531611368190403D4F5
:10679400136B43F02003136331460748FFF72CFDC6
:1067A400D6F800B004485946FFF788FB70E700BFED
:1067B40000001D40F04C0020F02C00202DE9F04793
:1067C40001218AB01420DFF800A30AF003F80021A5
:1067D40014209F4D09F0C2FF41F2883009F040FFB8
:1067E400DAF800109B4B40F2EE289B4A0B442E68CB
:1067F4009A4C9B4FDFF8D49213600BF07DFA237808
:10680400002B00F008813B78D90740F104812B6804
:10681400D9F800209B1A0E2B40F2FD8007219148E5
:106824000BF0ECF9904809F0F9F90C218F4804AE0B
:106834000BF0E4F900230A22DAF800108A4809F080
:10684400FBF9894809F0EAF901210A20884D09F089
:10685400C1FF01210A20874C09F080FF864801F01E
:1068640049FB07238448CDE9045396E80600FCF766
:10687400F9FB0121002009F0ADFF0121002009F0FE
:106884006DFF7E4801F036FB7D4B7C48CDE9045317
:1068940096E80600FCF7E6FB0021172009F09AFFB2
:1068A4000121162009F096FF0121152009F092FF1D
:1068B4007448FEF735FF002273497248FBF7B6FBB4
:1068C400236843F0A04323602368DA01FCD5002049
:1068D4002568FCF777F9E26A236BE2622363236895
:1068E40023F07F032360236843F002032360AB009B
:1068F40000F19F805F4B1A6822F080521A601C6876
:1069040014F08074FBD12146152009F027FF0323DE
:10691400012501AA0DF103015A488DF810303346C0
:1069240002278DF803408DF80450FCF761FA3346D2
:1069340001AA0DF1030153488DF803508DF804505A
:106944008DF81050FCF754FA0DF10301334601AAF7
:106954004C488DF803708DF804408DF81050FCF706
:1069640047FA4A4B2146DFF868811A684548FBF725
:10697400F3FDD8F8002029464248FBF7EDFD3946DF
:10698400434A4048FBF7E8FD42484349026C434F01
:1069940042F40012424BDFF83C9102644A6F4148D2
:1069A40042F440324A674049404A01604048C0F8D6
:1069B400B071404844611120C2F8240143F2B00090
:1069C400C2F8140346F2E0121A8041F210321A801F
:1069D4004CF21602DA801A8892B242F06C021A80E3
:1069E4004FF080521C814FF0E023C3F80821324B52
:1069F4008B60FCF7BFFBFEF7FFFB304BD9F80020A0
:106A04001A60FDF7F5F82E492E4809F053FCA0B999
:106A14000AB0BDE8F0872B6822789B1B32B1B3F52E
:106A2400FA6F3FF6FBAE0BF067F9E6E64345FAD999
:106A3400F4E60120FCF7C6F85CE7FEF79DFC2C4663
:106A4400FEF7DAFBDFF890A0074DFDF75BFE6CE084
:106A5400CC5B002078ECFFFFBC5B00209A7900201F
:106A640099790020CC1800205C1B0020D418002049
:106A740040420F0000001D40BC1A00200C1B0020E7
:106A840007000040F02C002090D00300B41A00202E
:106A9400F4E5061800C00A4000C00F40B10B000026
:106AA40000800B406C2900207079002000801F407A
:106AB4000020002000841F405D370000A8590020FA
:106AC4003C0F0020F4590020C45B0020D45E002059
:106AD400A81A002010580020E418002000240022E6
:106AE400FBF7A4FA002329460A2201A809F0C2F9F7
:106AF40001A809F011FCD8F80030F6EE007A2B4911
:106B0400BB4201A834D099ED007AB4EEE77AF1EEF5
:106B140010FA3CDA09F0CEFB03461420002B40D1D6
:106B240009F09EFD01A809F0FBFA052150460BF07F
:106B340065F8284609F072F8FEF75EFBFEF71CFCC8
:106B44000020FEF7F9FCFFF753F8FCF7A5FBFEF76E
:106B5400AFFA3046FFF790FC224615491548049FCA
:106B6400002CBBD1144901241248FBF75FFAB9E7A2
:106B74001249134809F026FB00220F490D48FBF780
:106B840055FA01A809F0CCFA0AB0BDE8F087002252
:106B940007490848FBF74AFA0A49094809F012FB71
:106BA400EFE70249064809F00DFBEAE7F418002074
:106BB40020A10700F02C002090D00300EC18002046
:106BC400F4590020BC0300202DE9F04FB949BA481C
:106BD4002DED048B9DB009F06DFB002800F0A08121
:106BE40013210DF12008B5480BF008F8B44809F05A
:106BF40015F8B449404609F059FAB34B0A2205A8DE
:106C0400196809F0C9FA05A9404609F03DFBAF49E6
:106C140009F042FB014602A809F066FA05A809F04A
:106C24007FFA404609F07CFA029A002A00F0288391
:106C340044F20223A649404606F09AFB1A9B002B15
:106C440000F04F835C20002509F09EFE099B0A9A00
:106C540000F1180AC36004469DF82C300CA99D4F1E
:106C640003759D4B026183609C4EDFF8A892C0E9D6
:106C74000075504606F020FA63680CA8A565013338
:106C840008966360964BA36006F058FA2368DB6AA3
:106C94004B4540F03083A06D10B10BF017FDA56596
:106CA400236D002B00F01882504606F047FA656801
:106CB400013D656065BB2368DB6A4B4540F0288372
:106CC400A06D10B10BF002FDA565236D002B00F043
:106CD4001A83504606F032FA2368824A5B6893426C
:106CE40040F01983A06D276018B10BF0EFFC00236E
:106CF400A365236D002B00F00183504606F01EFAB5
:106D04005046A66006F01AFA5C21204609F03EFEC1
:106D140041F27070DFF8009209F0A2FC724CFEF7A9
:106D24002BFB0020FEF708FC9FED709AFEF7C0F9DC
:106D34000120FEF7F1FE4046FFF79EFBBDF82C3024
:106D44006B4A02215BBA5E48DFF8D0B19BB2694E50
:106D5400694FA2FB03235A4DDB0800EE103AB8EE4C
:106D6400C00B08F0D1FF564808F058FF99ED000A0F
:106D740002215348B7EEC00A08F0C6FF504808F095
:106D84004DFF4FF47A7009F06BFCD4F800A040E09A
:106D9400FEF78EF903464046BBB3FFF76DFBBDF823
:106DA4002C20BDF82E30112152BADFF844C15BBA51
:106DB400524892B29BB2ACFB022EACFB03C34FEA27
:106DC400DE0EDB0807EE90EAF8EEE78A07EE903A6B
:106DD400B8EEE78A0AF012FFB7EEE80A0221284665
:106DE40008F092FF284608F019FF112144480AF0E0
:106DF40005FFB7EEC80A0221284608F085FF284699
:106E040008F00CFF0020FEF787FE4FF47A7009F0BB
:106E140027FC10213B480AF0F1FE23680221284692
:106E2400A3EB0A0307EE903AF8EE677A87EE890A35
:106E3400B7EEC00A08F068FF284608F0EFFE1521F7
:106E440031480AF0DBFE9BF80010284608F0DAFE11
:106E5400284608F0E3FEFEF78FFA0020FEF76CFBED
:106E6400FEF7CAF9092129480AF0C8FE96ED000A7E
:106E740002212846B7EEC00A08F046FF284608F06B
:106E8400CDFE0E2122480AF0B9FE99ED000A022136
:106E94002846B7EEC00A08F037FF284608F0BEFEC1
:106EA400FCF7FAF93B78002B7FF472AFFDF7C8FCCE
:106EB4006EE700BFEC180020F4590020E81700200A
:106EC4005C1B002078030020B059002080030020C0
:106ED4008C240020141200207012002008110020BD
:106EE400F0110020ED0B0000CC5B002000606A472D
:106EF400CDCCCCCC1058002090790020381800203C
:106F04004C180020FC1700201018002054180020F2
:106F140028180020610200006C5B00208C7900209E
:106F24007349744809F0C6F9054600284DD0142168
:106F340071480AF063FE714808F070FE704B0DF161
:106F440020081B78002B00F0FF80DFF8EC916D4ED9
:106F54006D4F684D694C9FED648B12E097ED006AAC
:106F640099ED007AB7EEC66A0A20B7EEC77A27EE23
:106F7400087BB4EEC76BF1EE10FA80F2878009F05B
:106F84006FFB2946204608F017FE204608F046FE0F
:106F9400FEF732F9FEF7F0F90020FEF7CDFAFEF71E
:106FA40087F84046FFF768FA3268089B9A42D5D1C1
:106FB4009DF82C209DF82D3003EB022306EE103AA9
:106FC400B8EEC66A87ED006ACAE75049494809F035
:106FD40071F90146002862D012214D48484F0AF049
:106FE4000DFE4C4C4C4EDFF854A1DFF85491DFF801
:106FF40054B1DFF80881414808F010FE0097D9F831
:10700400002023689B1A4AF82530FEF7F5F8434B15
:10701400326803EB85031A600BFB05F3B3F1333FCE
:1070240040F24A813E4BA3FB05323223120903FB93
:107034001257002F00F02B813A4B1A7822B13A4BA9
:107044001A78002A40F01E81384B03FB05F203F145
:107054008043013BB3EBB20F02D3009B1A785AB3BF
:1070640077B35AF82520D9F800100A3223685B1A3E
:107074009342FBD9632D404614BF013500252946B0
:1070840008F0C0FD404608F0C9FDB8E71F4919489B
:107094001DB0BDEC048BBDE8F04F09F093B814208B
:1070A40009F05CFB122122480AF0A8FD134808F0FD
:1070B400B5FDFCF7CDF9FCE7FDF7C2FB002FD0D1FD
:1070C40008211C480AF09AFD404608F0A7FDFDF788
:1070D40019FBFEF78DFDC4E7636D002B7FF4E4AD6F
:1070E400E5E500BFAFF300809A9999999999E93F32
:1070F40060180020F4590020681800205C1B002050
:1071040090790020B41A0020F0590020BC0300201C
:1071140080180020CC5B0020105800201458002058
:107124001F85EB519279002091790020295C8FC250
:10713400B8180020AC1800206C5B00203C5D0020D7
:10714400C45B0020CDCCCCCC8649404608F0AEFFD1
:10715400854B0A2205A8196809F01EF805A94046BE
:1071640009F092F8814909F097F8014602A808F05D
:10717400BBFF05A808F0D4FF404608F0D1FF029AEF
:10718400002A00F0DD8044F202237949404606F0EB
:10719400EFF81A9B002B00F0C9805C204FF0000A26
:1071A40009F0F2FB099B734F00F11805C360044614
:1071B4000A9B0CA9704E03619DF82C30DFF8E49112
:1071C40003756E4BC0E9007A8360284605F074FFAE
:1071D40063680CA8C4F858A0013308966360684B30
:1071E400A36005F0ABFF2368DB6A4B4540F09B804E
:1071F400A06D18B10BF06AFAC4F858A0236D002BE7
:1072040000F08C80284605F099FF636803F1FF3A8B
:10721400C4F804A0BAF1000F2CD12368DB6A4B45F3
:1072240040F09580A06D18B10BF050FAC4F858A046
:10723400236D002B00F08680284605F07FFF23682D
:10724400504A5B68934240F08980A06D276018B172
:107254000BF03CFA0023A365236D002B7AD028465B
:1072640005F06CFF2846A66005F068FF5C21204607
:1072740009F08CFBFDF7E4FA02A808F051FF64E67C
:10728400414AD5E4FCF708F8FDF712FFDCE60821D3
:107294003E4801920AF0B2FC404608F0BFFC384672
:1072A400FEF74AF9B421019A394B01FB02300A4630
:1072B400384909F0CFFABFE6FEF75EF808213648F0
:1072C4000AF09CFC404608F0A9FCABFB05304FF4E7
:1072D400AA72324B8008324902FB003009F0BAFA34
:1072E400A0E61B9B002B7FF4ADAC234B0CA80893AA
:1072F40005F024FF0CE520469847D8E4636D002B85
:107304007FF4FBACFCE4636D002B7FF4E2ACE3E4BC
:1073140020469847E0E420469847F9E4636D002B43
:107324007FF470AF71E7204698476EE71B9B002BF4
:107334007FF433AF104B0CA8089305F0FFFE99E7D8
:10734400114A20E7636D002B7FF476AF77E7204680
:10735400984774E7636D002B81D183E720469847F3
:1073640088E700BF78030020B05900208003002084
:107374008C24002014120020081100207012002018
:10738400F0110020ED0B000080190020A01800204F
:10739400D45B00200856002094180020E05E0020F2
:1073A400BC560020610200002DE9F04F944D9BB0C3
:1073B400944F08AC04900FCD0FC495E8030084E803
:1073C40003007E6AB96AD7F82CB0386B3B68029127
:1073D40013F40043039003D13A68940000F11A8136
:1073E400039B43F00103BBF1000F00F00581BBFADE
:1073F4008BF3844DC3F140032C68DFB214F00054C6
:10740400019700F08582FAF77FFF2B68044603F0AA
:107414007F030133984280F0C280874240F2BF80EC
:10742400049B671CDFF8DC9103F50053FDB2059360
:1074340018E0042A00F06281082A00F00382D9F8D7
:107444000030FCB2019A03F07F030133A24288BFEB
:10745400AB4205F1010594BF01230023002B40F04A
:107464009E80671CC4F12002029BA4F1200A06FA44
:1074740002F1E3400B4326FA0AF10B43D807DED5A9
:10748400039B0BFA02F2E34013432BFA0AF2134371
:10749400D907D4D5DFF87881A0444FEA0818D8F882
:1074A4000030190EC3F3036201F00B010229C0D1AD
:1074B400D8F8041003F4001021F06041002812BF32
:1074C4004FF0010C4FF0000C890C062A8DF827C0F0
:1074D400089102D101228DF82920ADF82430C3F39C
:1074E40003438DF8344000288DF82B30059B93F826
:1074F40015398DF83530D8F808308DF82F30D8F894
:1075040008304FEA13238DF82E30D8F808304FEAAC
:1075140013438DF82D30D8F808304FEA13638DF8F3
:107524002C30D8F80C308DF83330D8F80C304FEAC2
:1075340013238DF83230D8F80C304FEA13438DF80A
:107544003130D8F80C304FEA13638DF8303014BF63
:107554004FF08C634FF080631F2CC8F80030D9F8CB
:1075640008304FF0010334D8D9F83020A340214625
:1075740004981343C9F83030089AFEF717FD002821
:1075840035D108A90498FEF737FE08A8AFF30080A8
:1075940008A8AFF3008008A8AFF300804FE7194AAA
:1075A4001948116A0268194B4A40134043B1049BBD
:1075B40003F58053B3F8D42C92B20F2A40F2AC8175
:1075C400104A136A0B431362BFF34F8F1BB0BDE81D
:1075D400F08FD9F82C2003FA0AF3214604981343B8
:1075E400C9F82C30089AFEF7E1FC0028C9D008A994
:1075F4000498FEF767FDC4E7B3FA83F32033F8E693
:10760400CC02002000001D40E4290020BFFF070039
:1076140008D0010489067FF5E3AE82067FF5E0AE6B
:10762400D7F88020BB4C02F40011C2F30050ADF82F
:1076340024200029C2F303414FEAD2528DF82B10C3
:10764400D7F884108DF8280018BF012021F060417C
:1076540008BF00208DF826204FF0000208BF890CD7
:107664008DF827000CA80891D4F88810D14008326E
:10767400202A00F8011DF7D10DA8A649D1F88C20C5
:10768400DA400833202B00F8012DF7D1049B03F5D1
:10769400005393F815398DF8353063238DF8343061
:1076A4008B680B6B43F020030B63039B5D0603D5D0
:1076B4000B6B43F040030B63039B1C0604D5954AF4
:1076C400136B43F080031363049C08A92046FEF760
:1076D40093FD08A8AFF3008008A8AFF3008008A8C2
:1076E400AFF3008008992046FEF7E8FB00283FF43A
:1076F40077AE08A90498FEF7E5FC71E603F40012DE
:10770400002AD8F80420ADF82430C3F303438DF8DD
:10771400344022F060428DF82B3018BF0121059BC4
:1077240004BF920C002193F8153908928DF8353076
:10773400D8F80830049A8DF82F30D8F808308DF82E
:1077440027101B0A8DF82E30D8F808301B0C8DF842
:107754002D30D8F808301B0E8DF82C30D8F80C30AA
:107764008DF83330D8F80C301B0A8DF83230D8F845
:107774000C301B0C8DF8313004F6022352F8233000
:10778400D8F80C20120E8DF830200BB108A89847B9
:10779400059BD3F808390BB108A89847049901F55B
:1077A4008052B2F81E3B07929BB2002B00F00F816F
:1077B400B2F81A3B1A220DF1500C03F00F03E04605
:1077C40002FB031341F632320EA903EB020A0691BF
:1077D4008E469858DAF80410DAF80820DAF80C30F3
:1077E400ACE80F00DAF81000DAF81410ACE8030083
:1077F400B8E80F00AEE80F0098E803008EE8030035
:107804009DF94C305A1C00F0F1809C427FF417AE75
:10781400069AE1B20498FEF747F8079AB2F81A3BC1
:10782400013303F01F03A2F81A3BB2F81E3B9BB2CC
:10783400002B3FF404AEB2F81E3B013B9BB2A2F80E
:107844001E3BFCE503F40012002AD8F80420ADF82E
:107854002430C3F303438DF8344022F060428DF8A2
:107864002B3018BF0121059B04BF920C002193F813
:10787400153908928DF83530D8F80830049A8DF807
:107884002F30D8F808308DF827101B0A8DF82E30C9
:10789400D8F808301B0C8DF82D30D8F808301B0EA2
:1078A4008DF82C30D8F80C308DF83330D8F80C30F3
:1078B4001B0A8DF83230D8F80C301B0C8DF831309F
:1078C400D8F80C301B0E8DF8303004F6022352F831
:1078D40023300BB108A89847059BD3F808390BB19E
:1078E40008A89847049901F58052B2F81E3B079204
:1078F4009BB2002B7FF45CAF1F2C4FF0010300F20E
:107904008080D9F83020A3401343C9F8303096E57D
:107914002B6885E500001D40B3F8D42C92B20F2AE1
:1079240005D8B3F8D42C013292B2A3F8D42CB3F80E
:10793400D22CB3F8D24C02F00F02A4B203EB8202B1
:10794400C2F8D81CB3F8D02C92B282F01002944240
:1079540006D1B3F8D02C013202F01F02A3F8D02CC8
:10796400B3F8D22C2B4C013202F01F02A3F8D22C14
:10797400E469B3F89C2DA4B292B20F2A05D8B3F8E7
:107984009C2D013292B2A3F89C2DB3F89A2D02F0EB
:107994000F0203EB4202A2F89E4DB3F89A4DB3F8DE
:1079A400982DA4B292B282F01002944206D1B3F898
:1079B400982D013202F01F02A3F8982DB3F89A2DE6
:1079C4000160013202F01F02A3F89A2DF8E51F2C82
:1079D4004FF001030DD8D9F83020A3401343C9F860
:1079E40030304FF00063C8F8003028E5069A21468D
:1079F40010E7D9F82C2003FA0AF31343C9F82C3002
:107A0400EFE7D9F82C2003FA0AF31343C9F82C3012
:107A140015E500BF00001D402DE9F04300F50057B7
:107A24008FB0044697F8003713B9012387F800375D
:107A3400238B9BB2002B57D1D7F80C2904F5805621
:107A4400724B02F01F0103EB521301229B008A4088
:107A54001A60B6F81E3B9BB283B3B6F81A3B1A22DF
:107A640008AD0DF1080C03F00F03AE4602FB03430F
:107A740041F6323203EB02089858D8F80410D8F8CB
:107A84000820D8F80C300FC5D8F81000D8F8141016
:107A940003C5BEE80F00ACE80F009EE803008CE8C5
:107AA40003009DF91C104B1C54D0594B0B441B0173
:107AB4001B68C3F30363082B00F08B80D7F80C29F1
:107AC400544B02F01F0103EB521301229B008A4026
:107AD40000211A60238BB6F81E0B9BB280B240EAD9
:107AE40003300FB0BDE8F083A68A1A23B4F814C09B
:107AF40008ADF6B20CF1010C03FB0646CCF3080CFE
:107B0400D6F81C01D6F82011D6F82831D6F824214D
:107B14000FC5D6F82C01D6F83011A4F814C0238B65
:107B24009BB203C51BB1238B013B9BB2238308ADDE
:107B340002AE0FCD0FC695E8030002AA86E8030043
:107B44009DF81C300DF1070120468DF80730FEF733
:107B540093FA71E7DFF8C080D8F8005015F00055AB
:107B640050D0FAF7D1FBD8F80030054603F07F0374
:107B740001338342A2D9DFF89890DFF89C8008E0B3
:107B8400D8F80030013503F07F03EDB201339D4294
:107B940094D205EB09031B011B68C3F30363082B91
:107BA400EED102AA29462046FDF77EFEB6F81A3B1E
:107BB400013303F01F03A6F81A3BB6F81E3B9BB231
:107BC400002BDDD0B6F81E3B013B9BB2A6F81E3B52
:107BD400D6E702AAC9B22046FDF766FEB6F81A3BFC
:107BE400013303F01F03A6F81A3BB6F81E3B9BB201
:107BF400002B3FF463AFB6F81E3B013B9BB2A6F8E3
:107C04001E3B5BE7D8F80030B5E700BF60380038AA
:107C140008D001044038003800001D4038B51E4C1F
:107C24001E49204608F042FA20461D4C1D4A1E49B2
:107C34000AF0EEF925681D4C00231D4925601D4CF2
:107C440001F580528B8201F500500C601A4CCB82F6
:107C540021600B83194C1A49A2F81A3BC0F80C395D
:107C6400A2F81C3BC0F81039A2F81E3B80F8143966
:107C7400A2F8D03C4B60A2F8D23C0C60A2F8D43CF1
:107C8400A2F8983DA2F89A3DA2F89C3D80F80037EE
:107C940080F8013738BD00BFF45900203C0F0020A4
:107CA400CC5B0020741B002091E10000C45B002029
:107CB400F02C0020E41000206829002094120020F9
:107CC4007079002090F81CC04160BCF1020FC260C2
:107CD40001D18368184707F08DBE00BFF0B4046873
:107CE40040F201251E462561A3B121B311F8015BC1
:107CF400013B6566256FAF0707D41546013E676FE4
:107D04001AB105F8017B2A4604686569ED07F1D5C7
:107D1400002BEAD16EB10368196F8907FAD41146B2
:107D2400013E5B6F002AF5D001F8013B0A46002EA4
:107D3400F1D1F0BC704790F83C50D9E7324B33494D
:107D440030B5D3E911542079C8771A6C95F804C07A
:107D540081F81CC0087752B1B2F5004F23D32C49E7
:107D640011442A4A1964D07682F81BC030BD1968C0
:107D74000F24D86C8C6540F20134CA610C614FF455
:107D84007C544C6103210468246883F83D10214B22
:107D94009C4226D1037F4260022BC26026D18368B5
:107DA400BDE8304018472D68E98B090422D492B20B
:107DB400EA832168EC8BA4B2EC82CC8B240405D535
:107DC400CC8BC2F3080204F47E442243CA83CA8BD8
:107DD40092B2CA8200210D4A1964D07682F81BC07F
:107DE40030BD23461146BDE830401847BDE8304059
:107DF40007F000BEE98BC2F3080E92B201F47E4193
:107E040041EA0E01E983D4E7BC1A002000800E4049
:107E14000180FFFF355D0000324B334930B5D3E9B3
:107E240011542079C8771A6C95F804C081F81CC0E5
:107E3400087752B1B2F5004F23D32C4911442A4A92
:107E44001964D07682F81BC030BD19680F24D86C31
:107E54008C6540F20134CA610C614FF47C544C616E
:107E640003210468246883F83D10214B9C4226D1E9
:107E7400037F4260022BC26026D18368BDE8304094
:107E840018472D68E98B090422D492B2EA83216849
:107E9400EC8BA4B2EC82CC8B240405D5CC8BC2F33E
:107EA400080204F47E442243CA83CA8B92B2CA8273
:107EB40000210D4A1964D07682F81BC030BD2346D8
:107EC4001146BDE830401847BDE8304007F092BD88
:107ED400E98BC2F3080E92B201F47E4141EA0E012D
:107EE400E983D4E70C1B002000800E400180FFFFD3
:107EF400355D000043682DE9F04FD3E90041814D21
:107F04004FF0B80A22684FF0020822EA01027E49C3
:107F14002260AA6911407D4A0A43AA6190F810E0E0
:107F24007B4A03EB0E0603EB8E0E317C02EB011150
:107F34008968C1F800A090F811C003EB0C050CF19E
:107F44000A0C95F8241002EB01118968C1F800A00D
:107F5400817C03EB010903EB810199F838B002EB52
:107F64000B1BDBF808B0CBF800A0D4F800A05F68C6
:107F74004AEA070AC4F800A0347CDEF814E002EBF5
:107F840004146468C4F800E095F8244053F82CC045
:107F940002EB04146468C4F800C0C96B99F8384053
:107FA40002EB0412526811609A6C99F84410116043
:107FB4001A6A317F5B6B116095F830201A600F22CA
:107FC4000368C3F810809A65C27C002A31D072B667
:107FD400C37CDC0708D54FF0E0214469D1F8802147
:107FE40022408262C1F88021990708D54FF0E02130
:107FF4008469D1F884212240C262C1F884215A07DD
:1080040008D54FF0E021C469D1F8882122400263E9
:10801400C1F888211F0708D54FF0E021046AD1F880
:108024008C2122404263C1F88C21DE0655D462B60D
:108034000368384C8268A24259D0324A84609269FB
:108044003549C2F30116C2F38262344D51F8261049
:108054000132B1FBF2F2AA4231D80022C2600024FC
:1080640003211C610724596201211A641C661961E9
:10807400C37C13B3DD0704D5816A4FF0E022C2F854
:1080840000119C0704D5C16A4FF0E022C2F8041124
:10809400590704D5016B4FF0E022C2F808111A0702
:1080A40004D5416B4FF0E022C2F80C11DB0604D575
:1080B400826B4FF0E023C3F81021BDE8F08F18491C
:1080C400A1FB0251090DB2FBF1F2A24288BF0131BA
:1080D400B1F5817F0DD3134AC0E74FF0E022416A26
:1080E400D2F890310B408363C2F890319FE7C268A5
:1080F400B5E70229B1D902394C08220242EA044206
:108104000A43ABE700C00F40CFFFFFE310000008B5
:108114007814002000093D003C130020FF083D00B6
:1081240083DE1B43FF7F7F000BB1FFF7D7BD704792
:108134004368D3E900120968114200D1704710B5B1
:1081440002680446002005211061227C1344187C37
:1081540008F040FB627C63680521134493F8240013
:1081640008F038FB6368A27C05211344BDE8104085
:1081740093F8380008F02EBB704700BF30B583B0C9
:1081840005460C4608F036FC1C4B984204D80023E4
:108194002B80238003B030BD694607F0A7FE9DF80D
:1081A40005309DF8062001339DF80410503ADBB2E7
:1081B40092B21F2998BF0C2B01D87F2A18D900210D
:1081C4009DF802209DF801302980172A98BF3B2B87
:1081D4009DF8001001D83B2903D90023238003B064
:1081E40030BD5B0143EAC22343EA51039BB2F5E786
:1081F40041EA431141EA422189B2E1E7FFA5CE12E7
:10820400012BF0B5054695B03DD0022B40F202207B
:1082140001F104010CBF03460023684605F0A8F8E9
:10822400129B002B38D05C20002608F0ADFB214BBC
:1082340004AF0446C0E90036019B3946183040F8C3
:108244000C3C1D4B40F8103C029B40F8083C9DF848
:108254000C3000F8043C04F02FFF184B4FF47A72F2
:10826400A665A360164B6E602B6063682E730133A2
:10827400AA602C616360134B3846009304F05EFFE0
:10828400284615B0F0BD44F202230431684605F0D7
:108294006FF8129B002BC6D1139B002BC3D14FF454
:1082A4007A71074A04AF2B732A602B61C5E9013147
:1082B400E1E700BF1412002070120020F01100202A
:1082C400C41100200811002010B5D0F884448EB0E9
:1082D4000A4644B1002321466846009302F01EFE7C
:1082E40080B90EB010BDD0F8881441B12346684659
:1082F4000C9400F031FF50B900200EB010BD0846B8
:108304000EB010BD684603F05DF80EB010BD6846AF
:1083140000F0E0FF0028EFD0E3E700BF70B5D0F82D
:1083240084548EB016465DB105F5896500230A466E
:1083340068462946009302F06FFD90B90EB070BDF7
:10834400D0F888040028F9D000F589640A462B4641
:10835400684621460C9500F083FE48B900200EB013
:1083640070BD32462946684602F036FF0EB070BD35
:1083740032462146684601F001F90028EED0DDE7D7
:1083840010B5D0F884448EB00A464CB100200123C5
:1083940021460090684602F0C1FD80B90EB010BDC0
:1083A400D0F8881441B1012368460C9400F0D4FE3F
:1083B40050B900200EB010BD08460EB010BD68467E
:1083C40003F0B2FE0EB010BD684600F029FF00288D
:1083D400EFD0E3E730B5D0F884448FB00A464CB10F
:1083E4000025012304F589616846009502F09EFC8E
:1083F4000FB030BDD0F888040028F9D000F58961A9
:10840400012368460C9401F03BF90FB030BD00BF66
:1084140010B5D0F884448EB00A463CB100232146FE
:108424006846009302F07AFD0EB010BDD0F88814AF
:1084340031B1234668460C9400F08EFE0EB010BD98
:1084440008460EB010BD00BFF8B5054690F8D0043C
:1084540008B90146F8BDD5F88434002B4CD0DC694A
:10846400D5F89004013C002854D00368DB6B98478E
:10847400E0B1D5F8900478B303681B6C9847A8B9A9
:10848400D5F8900440B3036801215B6C9847074614
:1084940010B3D5F8840458BBD5F8886433466EB954
:1084A400D5F8900490B900200146D3E7D5F88404A8
:1084B400E8B9D5F88834002BF5D00746184602F001
:1084C400B3F906463FB1D5F8900428B103680021FA
:1084D4005B6C984700B1A41BD5F88434FBB19B793D
:1084E4004FF40071994089B2A1FB0401F8BD002743
:1084F40004F06CFC0646E5E7D5F88834D5F890041A
:10850400B3B1D3F830440028AFD1184602F08CF947
:108514000646E0E7184604F059FC0646DBE7D5F8C2
:108524008864002EBFD0D6F83C14A1FB0401F8BD2A
:108534000028B8D01C4698E790F8D03463B1D0F83E
:10854400843463B19A794FF40070D9699040013949
:1085540080B2A0FB01017047184601467047D0F86D
:1085640088040028F9D0D0F83C14D0F83004A1FBDA
:10857400000170472DE9F043D0F890548DB04DB10F
:1085840098462B6804462846DB699847B0F5405F57
:10859400064604D8002630460DB0BDE8F0834FF4FB
:1085A40000700AF08BF807460028F3D00DF1040997
:1085B400B6F1806F02464346294648462ED901F05B
:1085C400FFFB064638460AF081F8002EE2D02B68FD
:1085D4002846271D1B6A984794F8C034FF2B21D0E6
:1085E400D4F8C43404F5946502932846D4F8C83406
:1085F4000393B4F8C034ADF8043099E80E0005F0E4
:108604007DFD94F8B134C4F89054002BC3D10123F8
:10861400294638461A4604F039FEBCE704F09CF8B3
:108624000646CFE704F2944594F8CC14284606F0A5
:10863400ADFB2846C4F8905405F00AFE0028AAD1E0
:108644000123D4F8901438461A4604F01FFEA2E71A
:10865400F0B5D0F8906485B00446002E42D090F86E
:10866400D05490F8D13485B1FE2B63D094F8D20461
:1086740036283DD93368694630469B6C9847054691
:10868400284684F8D05405B0F0BDFE2B26D090F8CF
:10869400D204362849D994F8C034271DFF2B2DD095
:1086A400D4F8C43404F59466D4F8C824019330464D
:1086B400B4F8C0340292ADF800306B460ECB05F02E
:1086C4001DFD94F8B134C4F8906463B901233146B4
:1086D40038461A4604F0DAFD054604E01F4B9B6851
:1086E4009B03D8D40025284684F8D05405B0F0BDA7
:1086F40008F05EF8051E18BF0125F4E704F294465D
:1087040094F8CC14304606F041FB3046C4F890642B
:1087140005F09EFD0028E6D10123D4F890143846D4
:108724001A4604F0B3FD0546DDE708F041F80028D9
:10873400B1D1D7E7336830465B6D9847421C034696
:1087440094D00028CFD194F8D124FE2ACAD1032191
:108754002E201D4608F03EF8C5E700BF0080004209
:10876400F0B50D46044685B0304806F0C7FFFE2D2F
:1087740084F8D15426D0362D02D9002005B0F0BD9E
:1087840000262B4B04F594678DF80450C4F8C434C8
:108794008DF80560384684F8C05484F8C164C4F880
:1087A400C864CDE9023604AB13E90E0005F0A6FC5B
:1087B40094F8B134C4F8907483B3304684F8D00488
:1087C40005B0F0BD04F294450023FF221946284663
:1087D40084F8CC3484F8C02406F0D8FA2846C4F8C7
:1087E400905405F035FD70B90123D4F89014201D80
:1087F4001A4604F04BFD30B101222E2384F8D02414
:1088040084F8D234BAE72E200025032184F8D20458
:1088140084F8D05407F0DEFF2846AFE70123394639
:10882400201D1A4604F032FDC8E700BFED610000C8
:1088340040787D0118484FF0290C184A0023184944
:1088440010B4C0F89424072280F8B1C44FF0FF0C90
:10885400C0F8A8144FF47F41124CC0F8AC24124A5B
:10886400A0F8D014A0F89C3480F8B53480F8CC3447
:1088740080F8D2C40460C0F8A0240C490C4A5DF806
:10888400044BC0F88434C0F88834C0F8903480F8BD
:10889400BC3409F0BDBB00BF88240020D4120020E2
:1088A40000093D00A41200202C110020E961000001
:1088B400741B002070B500F1240384B08C46044678
:1088C40001AD164693E8070085E807004FEA4C120D
:1088D4002946206A01F0C4FE012806D13246294601
:1088E400206A01F0A1FE04B070BD002004B070BD88
:1088F40010B5044600F0BAFD002384F8313084F842
:10890400333010BD38B514460D46002200F1240161
:10891400006A01F089FE034620B1428901202A80C1
:108924001B89238038BD00BF38B514460D4600228C
:1089340000F12401006A01F077FE034620B1C289E8
:1089440001202A809B89238038BD00BF38B50D469D
:1089540090F8311009B1002038BD382204460AF0DD
:1089640079FC012340222562184684F8333084F8C8
:10897400312038BDF0B40D460978202903D115F80B
:10898400014F202CFBD0156095602C782F2C11D032
:1089940084B16E1C3C2C1D4F35462AD8212C12D88C
:1089A40004F1FF3CBCF11E0F16D80020F0BC704748
:1089B40015F8014F202CFBD02F2CF9D01D60114647
:1089C400F0BC01F01FBDA4F1220C5FFA8CFC27FA65
:1089D4000CFC1CF0010FE8D12E2C01D0202C0DD161
:1089E40016F8014B002CE5D02F2CE3D03C2C354657
:1089F400D4D95C2CD9D003D97C2CD6D09660EFE79F
:108A04003E3C012CFAD80020F0BC7047012100053F
:108A14002DE9F04F90F8333083B00546DC0774D568
:108A240058060F46904640F1B080D5E90023D5E9B9
:108A3400041018EB020443F10003A14270EB03039A
:108A4400C0F0A980B8F1000F5BD0464605F11809C3
:108A5400D5E90032D5F820A0DAF838441C40C4F334
:108A6400080B002C70D1134370D195F831305A069D
:108A74004CBFDAF83424EA69AA619AF84504023A48
:108A8400DAF82C14630A824001EB54211144BBF13F
:108A9400000F45D1B6F5007F42D3DAF81C2291428B
:108AA4003ED0B6F5806F58D34FF0010B0BFA00FBA4
:108AB400ABEB030B730A9B4528BF9B4691424FEADD
:108AC4004B240AD801EB0B039A4206D20AF5047030
:108AD400019106F0B5FD0199B8B1DAF814025B46CC
:108AE4000268D2F814A03A46D04770B1234627440E
:108AF400D5E900125B1842F10002361BC5E90032C9
:108B0400A8D1404603B0BDE8F08F95F832304FF05D
:108B1400FF3043F0020385F8323003B0BDE8F08F34
:108B2400CBF5007400220AF50470B44228BF344621
:108B340006F0B2FD0028E8D000EB0B0122463846CF
:108B440007F088FE2346D2E7AA6996E795F8333002
:108B54005B060ED5AA6901328EE7DAF814023A46AA
:108B640003681B6998470028CFD04FF400731C4654
:108B7400BDE74A465046A96901F0B4FD0028C4DBAC
:108B84000CD0D5F820A0AA6977E795F831301907F9
:108B94007FF558AF49E7A1EB020853E795F8313068
:108BA40013F0500FB1D0A8EB06084046AAE700BF67
:108BB400F0B583B00122044685690DF10701D0E9BF
:108BC4000067FFF725FF0128A5610CBF9DF807008A
:108BD4004FF0FF30C4E9006703B0F0BD2DE9F04F5A
:108BE4001F4690F8313083B00446D0F81880002B2B
:108BF40051D01646D0E9001CBC4508BF91425CD058
:108C040056EA07024DD01D0704D5D0E90402B0424C
:108C1400BA4140D394F83320751ED4F820A00192B1
:108C240047F1FF309AF845240932D2B2C2F1200E3E
:108C3400D540A2F1200900FA0EFB20FA09F045EA1A
:108C44000B0505430198400633D4481E20FA02F26E
:108C54004CF1FF3051EA0C0C00FA0EFE20FA09F038
:108C640042EA0E0242EA000201D0954229D25B0692
:108C74004CBFDAF83434E369A36104F1180906E05F
:108C8400A169013D206A01F02DFD002803DD4A465B
:108C9400002DF5D107E00020C4F8188003B0BDE82A
:108CA400F08F002383610120C4E9006703B0BDE8AD
:108CB400F08FE3692B44A361F5E7012003B0BDE81D
:108CC400F08FAD1AD9E700BF2DE9F04F174690F8A1
:108CD40031208FB00546002A40F0D7808B4691F8AA
:108CE400311011F0500F00F0D08003F003019A46C8
:108CF400032900F0CA80013103F0080041EA0003AF
:108D04000293002F00F0CB80396901F10E08B649B7
:108D1400A1FB0818DBE900104FEAD808014308F169
:108D240002085FFA88F805D000200021CBF818204B
:108D3400CBE900010024029B264643F04003039341
:108D4400202206A95846FFF763FE00B3202840F00E
:108D54009C809DF918209DF81830002AC0F2A2804A
:108D640034B9DBF80020A2F12009DBF818200192C5
:108D7400444501D20134E4B2002B00F013812022D7
:108D840006A958460026FFF743FE0028DED11AF450
:108D9400007F7AD0029B9B0777D5002F75D044457E
:108DA40017D2DDF804A0202206A95846FFF730FEAA
:108DB400631C002861D0202867D12CB9DBF800207F
:108DC400DBF818A0A2F12009DCB2A045EBD8CDF85D
:108DD40004A03822002128469BF833400AF03AFACE
:108DE400DBF82030C4F38014019A2B620823002698
:108DF40085F82C4085F831303B68C5E909297B604A
:108E0400BE81B8F1000F33D008F1FF39B346DFF863
:108E1400DCA15FFA89F9012259462846FFF74AFD89
:108E2400044690B390F90020002A2EDB2022002172
:108E34000AF010FA002E00F0BC80BBF1010F00F024
:108E4400D780C123A3461E3404F81E3CBB89384690
:108E54001BB9D7E901239A4205D006F05BFC2BF835
:108E6400020FA345F2D101365FFA86FBD845D2D86A
:108E7400284600F0FBFA06460DE05846DBF8186079
:108E840000F024FB002840F0918000231E4685F862
:108E9400313085F8333030460FB0BDE8F08F4FF0F5
:108EA400030847E756BB444538BF0024852B7FF4AD
:108EB40047AF31463822284601260AF0CBF99DF8FF
:108EC4001C209DF8193085F8303002F03703D206A3
:108ED40058BF43F0080385F83130DBF80030DBF885
:108EE4002020203B2A62DBF81820C5E909239BF8DF
:108EF4003330C3F3801385F82C3021E7C02B28D0FE
:108F0400C12B7FF43CAF3A4606A9284601F0EEF99E
:108F1400E8B1BB89DBB9D7E901329A4217D11AF417
:108F2400006FB2D11AF4884F70D195F83330980796
:108F34006CD41AF4806FA8D11AF4804FABD02846B1
:108F4400D5E90423FFF74AFE0028A4D19DE706468D
:108F5400F6E6029B85F833309DF819309B0702D55D
:108F6400039B85F833300B9BEB61DDE90823C5E9EE
:108F74000423DDE90C23C5E90223002FCFD04FF0F1
:108F840000033A69BB813B687B609DF81B309A42C1
:108F94007FF4F5AEBE8ABDF81C30F61AB6FA86F632
:108FA4007609CDE6002F7FF4F2AE6EE7CBF81860B9
:108FB4000BE78523237085F8309084F80190DAF864
:108FC4000030002B46D00DF113020DF1160105A857
:108FD4009847BDF814306381BDF8163023819DF89D
:108FE400133023753FE700BF89888888A0290020B3
:108FF400C02384F801B02370029B63F07F0385F8DB
:1090040033303B69E370BB8AA3802CE795F8313099
:10901400D9063FF53AAF13F001017FF436AF1AF4E5
:10902400806F89D095F8332092077FF52EAF002BFF
:109034003FF42BAFD5E90032134304D000220023C0
:10904400A961C5E90023284600F042FC00283FF44A
:109054001CAF20E745F621236381E381638202E7A5
:109064002DE9F043002597B0994690F831300192EC
:109074001495ADF81450002B3ED191F831300F46C1
:1090840013F0500F38D01378044616462F2B37D0E0
:109094004FF0000801AB02AA31462046FFF76AFCF4
:1090A40050B3019E3378002B3ED0002302AA3946E8
:1090B4002046FFF709FEF8B1A44608AD04F13007D5
:1090C400DCF800000CF1100C5CF80C1CAE465CF8EB
:1090D400082C10355CF8043CBC45AEE80F00EFD119
:1090E400DCF8000008AF2860204600F0BFF984F8DF
:1090F400318084F83380CDE7002017B0BDE8F083D9
:1091040016F8011F2F29FBD00196B1B93822204649
:109114003D6A0AF09FF8012340222562184684F82C
:10912400333084F83120E8E74B4602AA394620461A
:10913400FFF7CAFD17B0BDE8F0833822002108A864
:109144003D6A0AF087F8012308AF10958DF8533073
:1091540040238DF851309BE719B101F58961FFF780
:109164007FBF0846704700BF90F8313063B991F86B
:10917400313013F0500F07D00B6813F01F0C03D1DC
:1091840013466246FFF7A0BD002070478169F8B519
:109194000446006A01B10131012201F069F9012894
:1091A400054632D901230146206A1A4601F0C0F966
:1091B400064650B3A3695BB394F83320510612D525
:1091C400591CA94218D022F04002E16984F83320E6
:1091D40005E0206A01F0A8FA3946B0B1A3694F1C32
:1091E40099423A46F5D34FF0FF322946206A01F0FE
:1091F4009BFA50B1A16911B93046A561F8BD2A4660
:10920400206A01F091FA0028F6D100263046F8BD14
:1092140094F8333043F0400384F83330ECE700BF74
:1092240090F833309A0736D5C16970B50546A1B9AF
:109234000024214607E0037803F07F03037095F8C8
:1092440030308B4229D3013401222846FFF732FB08
:10925400E1B20028EFD1002070BD5B06006A34D56E
:1092640090F84534D5E902240933013ADBB244F1DC
:10927400FF34C3F1200CDA40203B04FA0CFC24FA3E
:1092840003F342EA0C021A430023013201F050F9BD
:109294000028CDD1DFE70020704700232C6A85F831
:1092A4003130204685F8333006F0CAF90028D2D090
:1092B40004F5047006F0C4F90028CCD0D4F84004B6
:1092C4000368BDE870401B6A184701F04DFA002896
:1092D400AED1C0E790F83130DB0601D400207047EE
:1092E40010B5002288B000230446FFF777FC08E09D
:1092F40020281BD19DF900309DF80020002B15DBA0
:1093040032B1202269462046FFF782FB0028EFD1C4
:1093140094F833300822204643F0020384F83120C5
:1093240084F83330FFF77CFF08B010BD002008B08C
:1093340010BD00BF2DE9F0414FF0000882B04A4F44
:1093440006464446414600223046FFF7B3FA054636
:1093540030B10178C02969D0C1292BD0852909D021
:1093640096F83230002043F0010386F8323002B020
:10937400BDE8F08196F8313003F0370383803B6811
:1093840083B10DF103020DF1060101A89847BDF860
:109394000630AB812B82BDF80430EB816B829DF8E3
:1093A40003306B75326A92F8103243F0010382F88D
:1093B40010322978A1F185000022B0FA80F040092A
:1093C40001E00422A95CE303012A02F1010243EA59
:1093D400540311FA83F39CB201D10028F1D11F2A5E
:1093E400F0D908F1010896F830305FFA88F18B4221
:1093F400A9D2012206F12401306A01F015F90028EE
:10940400AED0356A4480284606F01AF90028A7D061
:1094140005F5047006F014F90028A1D0D5F840042D
:1094240003681B6A98470028A1D199E796F833305E
:1094340013F0400F437814BF43F0020303F0FD031D
:109444004370D6E90401D6E90732C5E90201D6E939
:1094540002016B61C5E9060192F8103243F0010381
:1094640082F810322978A5E7A029002038B590F8B1
:10947400313043B390F93320044690F83330002A56
:109484000CDB056A284606F0DBF878B994F832302C
:10949400002043F0010384F8323038BD03F07F0329
:1094A40080F83330BDE83840FFF744BF05F5047059
:1094B40006F0C6F80028E9D0D5F8400403681B6A12
:1094C40098470028E2D0012038BD00BF70B590F85D
:1094D400313005465A064CD480682B6AD3F83C34A4
:1094E4001844B0F1806F01D3002070BD2846FFF707
:1094F4004DFE0028F8D0286A0024AE6990F845345F
:10950400023E9E40D0F82C341E443119052200F549
:109514000470013406F0C0F84FF4007200210028F2
:10952400E2D009F097FE286A012390F8452493407D
:109534009C42EAD395F831305B0615D495F8332074
:1095440062F07F02D5E9023185F83320D0F83C245B
:109554009B1841F10000AB60D5E90431E8609B1829
:1095640041F10001C5E904312846BDE87040FFF728
:109574007DBF006A01F0FEF9AFE700BF70B5044695
:1095840090F831009CB0002310F0180F0C931A933C
:1095940003D0206A0B6A984202D000201CB070BD30
:1095A40040F601236846FFF75BFD0028F5D0A4468A
:1095B40004F130060EADDCF800000CF1100C5CF880
:1095C4000C1CAE465CF8082C10355CF8043CB44521
:1095D400AEE80F00EFD1DCF8000009AA04F124037F
:1095E40028609DF8305007CA83E8070094F83330A8
:1095F400204684F8305063F07F0384F83330FFF75B
:1096040035FF0028C9D00021022208230EA8159195
:109614008DF86B208DF86930FFF702FEBEE700BFBE
:1096240038B591F8313013F0500F02D10025284697
:1096340038BD40F602230446FFF746FB0028F5D068
:109644001023204684F83130FFF740FF05460028F8
:10965400ECD0A169002200232046E161FFF7BEFAA5
:10966400C12294F8313084F83320002BDFD0412319
:10967400204684F83330BDE83840FFF75BBE00BFB6
:10968400F0B5002597B01F4690F831300192ADF83F
:1096940014501495002B46D191F831300E4613F036
:1096A400500F40D01378044611462F2B3ED001AB07
:1096B40002AA2046FFF75EF9002834D0019B1B78EC
:1096C400002B41D0002302AA31462046FFF7FCFAC2
:1096D40030B947B302AA31462046FFF7A1FF10B3C1
:1096E400A44608AD04F13006DCF800000CF1100CBF
:1096F4005CF80C1CAE465CF8082C10355CF8043C95
:10970400B445AEE80F00EFD1DCF8000008AE2860E5
:109714002046FFF7EDF8019901AB02AA2046FFF7B6
:1097240029F90028CAD1002017B0F0BD01310191F8
:109734000B782F2BFAD0316A08A8FFF707F9002815
:10974400F1D0019908AEB2E702AA31462046FFF7EC
:1097540067FF17B0F0BD00BF2DE9F04F0E4690F83B
:10976400311083B009079DF830B09DF834909DF80E
:1097740038809DF83C7040F18580A2F2BC7294B2AE
:109784007F2C7FD85A1E0B2A7CD80BF1FF321E2A5D
:1097940078D8B8F13B0F98BFB9F1170F8CBF4FF0D1
:1097A400010A4FF0000A3B2F88BF4AF0010ABAF1C0
:1097B400000F67D105460193FFF758FE002861D0DA
:1097C400019B51464BEA431B7B0817F001074BEA08
:1097D4004424D34643EA481818BF6427A4B248EA8D
:1097E400C92806F001091FFA88F800222846FFF765
:1097F40061F8002846D090F800C0BCF1850F45D030
:109804000CF14003DBB2012B3CD8ACF18501002301
:10981400B1FA81F1490902E0042310F803C04FEAC8
:10982400CB32012B03F1010342EA5B021CFA82F200
:109834001FFA82FB01D10029EED11F2BEDD90AF1C9
:10984400010A95F830305FFA8AF18B42CDD20122B9
:1098540005F12401286A00F0E7FE98B12C6AA0F80B
:1098640002B0204605F0ECFE60B104F5047005F08A
:10987400E7FE38B1D4F8400403681B6A03B0BDE8BE
:10988400F04F1847002003B0BDE8F08F95F8313051
:109894002A6A03F03703838092F8103243F00103FD
:1098A40082F81032B9F1000F02D0A0F8108044827F
:1098B400B20703D50775A0F808804481730703D560
:1098C4004775A0F80C80C48190F800C09DE700BFE4
:1098D40090F833309A0762D570B5C56982B00446F2
:1098E400A5B313F0400634D0006AA26890F845C4CA
:1098F400013AE1680CF1090C41F1FF315FFA8CFC8B
:10990400CCF1200E22FA0CF2ACF1200C01FA0EFE7E
:1099140021FA0CFCA16942EA0E0242EA0C0201326D
:1099240019B3013D6D1A01312A44019172BB63F0F0
:109934007F03204694ED007B84F8333084ED027B72
:1099440084ED047BFFF792FD02B070BD012002B0EC
:1099540070BD816961B90195C1612946206A00F031
:1099640003FFC8B194F83330E1E70195E161DDE725
:1099740001AA006A019600F0B5FE00280CDB10D1A4
:10998400019D002DE9D194F83330D0E700230199EB
:1099940000F0CEFD0028E5D1002002B070BD00200B
:1099A40070474FF0FF32A169206A00F0BDFE002825
:1099B400E6D1F1E72DE9F04390F8333083B0044663
:1099C4009D0740F1A18091461A070E4600F195804B
:1099D400B9F1000F00F0288123684D46206AA1697F
:1099E400D0F8382402EA0308C8F30807B8F1000FD6
:1099F40040F09480002900F0D48094F833305B0662
:109A040040F1EC8090F845C4D4E902320CF1090C21
:109A1400013B5FFA8CFC42F1FF32CCF1200E23FAB9
:109A24000CF3ACF1200C02FA0EFE22FA0CFCE269F3
:109A340043EA0E0343EA0C031344994280F0D580B1
:109A44000131A16190F845240239D0F82C349140B9
:109A54001944B5F5007FC0F08A80B5F5806FC0F079
:109A6400A680012393406A0AA3EB0803934228BF0C
:109A74001346D0F81C228A424FEA432809D35F18C0
:109A8400BA4206D2002280F810224FF0FF32C0F80A
:109A94001C22D0F8140232460768BF6AB84798B34C
:109AA40043464644A5EB0805D4E90072D4E9040111
:109AB400DB1942F1000298429141C4E9003207D215
:109AC40094F8331061F07F01C4E9043284F8331050
:109AD400002D83D1D4E9020198429141C0F09680CF
:109AE400534B1B68002B00F09D8094F8333048469C
:109AF40063F07F0384F833300DE0D0E90423FFF7EB
:109B04006DF800287FF464AF94F83230002043F0FD
:109B1400010384F8323003B0BDE8F08390F84524A3
:109B240002394FEA5828D0F82C3491404144194462
:109B3400002F8ED0C7F50078012200F50470A845E7
:109B440028BFA84605F0A8FD0028DDD038444744C6
:109B54004246314606F07EFEB7F5007F206A9FD16B
:109B640000F5047005F06CFD002899D1CCE762681B
:109B7400636900920193226923689342DDE900231B
:109B84009A4112D2012200F5047005F085FD0028E7
:109B9400BAD02A4631463844A84606F05BFE2B4626
:109BA4007FE7E16949B3A1614CE70522EBE7D0F80F
:109BB4001C328B4206D1002380F810324FF0FF3361
:109BC400C0F81C32D0F81402324603685B6A984726
:109BD400002899D04FF40073984662E704F1180204
:109BE40000F080FD00288FDB04D12046FFF7CEFA79
:109BF400002889D0A169206A24E72046FFF7C6FA25
:109C0400002881D0A169206AE1611BE794F8331030
:109C14004846C4E9023261F07F0384F8333003B06C
:109C2400BDE8F083484676E7D4E9003252E700BF46
:109C3400A029002069B170B5054608460C4609F014
:109C4400E7FD2B680246214628465B68BDE8704064
:109C5400184770478368C3F3080383B1002110B425
:109C64000269D1540133B3F5007FF9D10168D0E919
:109C740003321C681846636A5DF8044B18470120D8
:109C8400704700BF82680346006940F2FF1CC2F3BC
:109C9400080281546245586801EB7001986800F12C
:109CA4000100C3E9011001D001207047D868196888
:109CB40010B404684A1C646A1A601A6923465DF881
:109CC400044B184738B58368CAB20D460169C3F31B
:109CD400080340F2FF1C0446CA546345416802EB82
:109CE40071024260826802F10102826005D0290A91
:109CF4002046BDE83840FFF7C5BF0168C0684A1C6C
:109D040003685B6A2260226998470028EFD138BD56
:109D1400F8B50023064601601D46C0E90133A8B228
:109D240005F00CFEA842044607D0C1B23046FFF746
:109D3400A9FF00283BD10020F8BD6C1CB4F5803F7E
:109D440004D12AE00134B4F5803F04D0A0B205F078
:109D5400F5FDA042F6D0671BB7F5007F1DD34FF683
:109D6400FF713046FFF7AEFF0028E4D0B9B23046A9
:109D7400FFF7A8FF0028DED02546B5F5803FCED1F9
:109D84003046BDE8F840FFF765BFC5F3072130460C
:109D94000135FFF777FF0028CDD0A542E9B2304660
:109DA400EBD2FFF76FFF0028EFD10020F8BDC4F31A
:109DB40007213046FFF766FF0028BCD00135DCE7F9
:109DC4002DE9F04F1F4689B00B680D4604901446E8
:109DD400C16002610846DB699847B0F5801F0090B6
:109DE400C0F0D88000230122009E01335200DBB270
:109DF40001D09642F9D81C2B009640F2B780A3F10B
:109E04000B08012248FA02F1C8F347088A4002917C
:109E14000792013301225B109A40069204229A4071
:109E24000392022202FA03F30193009A0021039B96
:109E34002046029E4FF0010AD31A4FF400724AF6EC
:109E4400552BF34003FA06F90593019E09F002FA33
:109E5400FF2384F8BFA184F8C0A1B14484F8C431BD
:109E6400224684F8C53107230021284684F8C231EC
:109E7400FE23C4F8C66184F8C3312B68C4F8CA91C0
:109E84005B6AA4F8FEB19847002863D04FF40072CF
:109E94000021204609F0DEF9009B84F86D804FF024
:109EA40000086366F421059B04F17800069AE365D3
:109EB4002023266423726372A372EB23A6654646AD
:109EC40023707623C4F848906370902384F86EA0BE
:109ED400A3704523E3705823237146236371412300
:109EE400A3715423E371042323664FF48073A4F80D
:109EF4006830092384F86C308023C4E9142284F880
:109F04006F304FF4C37209F0A5F9A4F8FEB1A8F1BB
:109F14006A03012B06D9B8F1700F03D014F8083086
:109F240003EB760608F10108B8F5007FEFD12B6842
:109F34002246DDF8049028465B6A4946984748B1B2
:109F44002B684946224628465B6A0C31CDF80490BA
:109F5400984740BB2FB13B680F22B84938465B682D
:109F640098470026304609B0BDE8F08F1A2B4FF011
:109F7400080800F2A6814FF48043CDF808800193CD
:109F84004FF4004303934FF4807307934FF400534B
:109F940006934AE7002FE4D03B681522A8493846C7
:109FA4005B689847D7E742460021204609F1010A39
:109FB40009F050F94AF6552309F1090204F2FF1990
:109FC400A4F8FE3100239346A04601E018F8013FAF
:109FD400C14503EB7606F9D12B6822465146284643
:109FE4005B6A98470028B5D02B6822460AF10C0119
:109FF40028465B6A98470028ACD00AF101039B45C8
:10A0040002D09A462378DFE74FF4007200212046FD
:10A014009B4609F01FF900220AF1030A1146234660
:10A0240001E013F8011F984501EB7606F9D12B687E
:10A034002246594628465B6A984700288AD02B68EE
:10A0440022460BF10C0128465B6A9847002881D010
:10A054000BF101018A456AD1231F04F5FE7243F80E
:10A06400046F9A42FBD12B68224628465B6A9847C4
:10A0740000283FF46FAF2B680BF10D0122462846F0
:10A084005B6A984700283FF465AF2FB13B680C2208
:10A094006C4938465B689847069A0021019B204624
:10A0A400002613444FF400729946059B4FEA830837
:10A0B40009F0D0F823464FF0FF3208F20728F821C0
:10A0C400B7F1000B4FEA582A03F8011B4FEA9838FE
:10A0D400C4F8012018BF4FF0010BDA605A609A608F
:10A0E400C3F80F2002E00136B24523D0B6FBF8F3E3
:10A0F40008FB136343B9BBF1000F05D03B68012291
:10A10400514938465B6898472B6809EB060122469B
:10A1140028465B6A984700283FF41CAF002EE2D122
:10A1240031464FF40072204609F094F8DBE78B4681
:10A13400217874E7002F34D03B6802224349384623
:10A144005B689847059E079A0736F60806F2FF13E0
:10A15400B2EB532F4FEA5329FFF4FDAE4FF40072D4
:10A164000021204609F076F807232370B9F1000F87
:10A1740000F08A804FF0000808E0B8F1000F01D128
:10A1840084F8008008F10108C1457BD9039A284668
:10A194002B6802EB080122465B6A98470028ECD141
:10A1A400D8E6059E079A0736F60806F2FF13B2EBC7
:10A1B400532F4FEA5329FFF4D4AE4FF400723946BB
:10A1C400204609F047F807232370B9F1000FD1D1D5
:10A1D400039B079A04989918FFF79AFD00283FF407
:10A1E400C0AE029A4FF400739340049A92689A4264
:10A1F4003FF6B7AE4FF00208029B4FF40072002105
:10A2040008FA03F9039B2046994409F023F88122B4
:10A214000323049909F1FF3984F820208222237052
:10A2240084F84020C4E90D864A684FF0010863654C
:10A2340062648B68A3650023E3650EE0D80F0020F9
:10A24400740F00208C0F00209C0F0020B40F0020FE
:10A25400079B98453BD208F101082B6809EB0801DC
:10A26400224628465B6A9847064600283FF472AEA9
:10A27400B8F1010FECD14FF400720021204608F030
:10A28400E9FFE8E7002FA3D03B68162214493846BB
:10A294005B689847039B079A04989918FFF738FD61
:10A2A40000283FF458AE029A4FF400739340049A86
:10A2B40092689A423FF64FAE0A493846FFF7BAFC15
:10A2C40098E74FF48072CDF808800792A1E5002F3B
:10A2D4003FF448AE04493846FFF7ACFC42E600BF01
:10A2E400A00F0020B80F0020C80F00202DE9F04176
:10A2F4000C46154601F11E08AB89284634F8027F46
:10A304001BB9D5E901239A420ED005F003FA05F0F2
:10A3140015FB0646384605F011FB864209D1444533
:10A32400EAD10120BDE8F081B7FA87F04009BDE821
:10A33400F0810020BDE8F0812DE9F04F90F8313034
:10A3440083B08846002B4FD090F830300746012B5D
:10A3540053D9013A0B464FF0020A00248E18DFF855
:10A36400A0B00022514638460193FEF7A3FA002814
:10A374003AD00278C12A37D1054600F11E09019B63
:10A3840035F8020F24B300F5105292B2B2F5806F83
:10A394002AD20BEA8424C0F30900204300F580305C
:10A3A4001946324605F02CFA0346E8B100244D451F
:10A3B400E6D10AF1010A97F830205FFA8AFA524589
:10A3C400CFD2A3EB08009846002388F800300FE0B2
:10A3D40000F5205292B2B2F5006F02D30028DFD10B
:10A3E400EFE7B2F5806F06D30023184688F80030F3
:10A3F40003B0BDE8F08F0446D9E70020E4E700BFCE
:10A4040000FC0F0070B50C4600234FF6FF75226860
:10A4140019461E46A3812361626017E005F07AF9AC
:10A42400A84222D005F08AFA2369F203A1890133F4
:10A4340042EA5602060A236152FA80F083B2C0F35C
:10A444004E0040EAC33016FA80F086B22046002956
:10A45400E4D1D4E901239A42E0D12069A6820138EB
:10A46400FE288CBF0020012070BD002070BD00BFFD
:10A474002DE9F84F07468A469146002942D0A1F1BA
:10A484000208D7F83034434542D908F007030125C0
:10A49400C8F3C80B9D40EDB246464446D7F82C1489
:10A4A4000022384601EB143105F0F6F8E8B10BF15F
:10A4B400FF3B834400F2FF101BF8011F0AE04A45EA
:10A4C4002BD0A04510D0D7F83054A54214D913F09E
:10A4D400FF050CD0013429424FEA4503A4EB0602E0
:10A4E400EDD0A0452646EED10120BDE8F88F5845B1
:10A4F4004FF00105E0D101E00026344601254FF07C
:10A50400000BCBE7D0F82084D7F830344345BCD8CF
:10A514004FF000080125C346BEE7BAF1000F04D18D
:10A52400B9F1010F08BFC7F82064B01CBDE8F88F6B
:10A534002DE9F8438046881E15461E468318D8F830
:10A544003024934237D8CEBBD8F82034834288BF16
:10A55400C8F8200400F007030124D8F82C74C0F3D1
:10A56400C8099C4007EB1031E4B2012240468F1821
:10A5740005F092F8F8B109F1FF3E864400F2FF10AD
:10A584001EF801CF1CEA040F8CEA040C4FEA4404C1
:10A5940014BF01220022B2420DD0013D8EF800C04A
:10A5A40018D014F0FF04EDD17045A1464FF001041A
:10A5B400E6D13946D9E70020BDE8F883D8F820145D
:10A5C4008B42C7D98142C5D3934228BF0023C8F820
:10A5D4002034BFE70120BDE8F88300BFF8B5D0F808
:10A5E400303401338B4201D20020F8BD07460C46BB
:10A5F40000F50476002505E0D7F830340135013341
:10A60400A342F1D3D7F824140022304601EBD4112D
:10A6140005F042F8A4000028E6D0C4F30804045965
:10A62400631CE9D1681CF8BD38B50C460B6890F87A
:10A6340045C400F50470D0F82812023B656803FA9B
:10A644000CF3294003EB5123D0F81C12194405F0F4
:10A6540023F818B16368C3F30803184438BD00BF76
:10A664002DE9F8430C46D0F8383449680B401144BE
:10A674006160134490F8451401F10902D2B2D34049
:10A684002BB380465D1E00F5047905E02368013D87
:10A6940003F1010323601AD3267A002EF6D1D8F8E9
:10A6A400303432462768484601339F4212D8D8F8DE
:10A6B400241401EBD71104F0EFFFBF0050B1C7F32E
:10A6C4000807C3595A1C09D0013D2360E4D2012074
:10A6D400BDE8F8834FF0FF30BDE8F8833046BDE8AD
:10A6E400F88300BF38B5D0F8303401338B4202D23E
:10A6F4004FF0FF3038BD0C46D0F82414154600F551
:10A704000470002201EBD41104F0C6FF0028EFD03E
:10A71400A400C4F3080403595A1C02D001202B607E
:10A7240038BD002038BD00BF01291BD938B5D0F889
:10A7340030340C4601338B4201D2002038BDD0F8AE
:10A744002414154600F50470012201EBD41104F021
:10A75400A3FF03460028F0D0A4000120C4F308049A
:10A764001D5138BD00207047D0F830340133994270
:10A7740001D9002070472DE9F04F054683B00C46FF
:10A7840000F504790F464FF00008D5F82414002290
:10A7940048464FEAD41B01EBD41104F07DFF90B17D
:10A7A400A300C3F30803C2580193531C16BF1646F3
:10A7B4004FF0000A4FF0010A012C04D9D5F83024D7
:10A7C4000132944203D9002003B0BDE8F08FD5F8DC
:10A7D400241401224846594404F05EFF0028F2D0B4
:10A7E400019B40F80380BAF1000F12D00134B44247
:10A7F40008D00023E21B39462846FFF799FE0028BB
:10A80400E1D03746D5F830340133B342DBD3344694
:10A81400BBE7621C534639462846D21B03B0BDE849
:10A82400F04FFFF785BE00BF2DE9F843002506462B
:10A83400D0F82C1400F504782C46002240464F1C16
:10A8440004F02AFFA8B100F1FF3E04F58059D6F8C0
:10A85400300405E079B90834844209D24C4516D055
:10A864001EF8011FFF29F5D1083408358442F5D3B9
:10A87400401BBDE8F8830822012319424FEA430C28
:10A8840018BF0135013A5FFA8CF3F6D1E3E7394694
:10A89400D3E700BFF8B500234FF0FF3600F5047787
:10A8A4001546C0F84014044641601A46C0F8141214
:10A8B400194680F844340370C66080F81032C0F83A
:10A8C4001C62384604F0E8FE042D0DD8064658B143
:10A8D400BDB16B1E00EB031393F8BE2112F07F028F
:10A8E40002D193F8C2310BB90020F8BD00EB051674
:10A8F4003846D6F8B651294604F0CEFE064600285E
:10A90400F2D005221A49F01C08F0F6FC0028EBD11D
:10A9140096F86C30092BE7D1336D01462B44C4F80B
:10A924002434736DC4F82834B36D2B440125C4F862
:10A934002C34F36DC4F83034336EC4F8343496F8E0
:10A944006D20C4F82004204602F1090384F845244C
:10A9540005FA03F35A1EC4F83C34C4F838242A46D2
:10A96400FFF786FD4023284684F84434F8BD00BF31
:10A97400E80F002010B50446D0F83414FFF72EFE7B
:10A9840094F845340933DBB2984010BD70B590F9A2
:10A99400023082B00446002B0DDBA56805F12800C7
:10A9A40004F04EFE00283BD16378002043F00103FD
:10A9B400637002B070BD80680122A169283004F080
:10A9C4006BFE0028F0D0A58805F00F056B0100EBA5
:10A9D4004515C35CE52BE7D023781B0701D5E36954
:10A9E400EB61236A15491A0C6B830E68AA8266B15F
:10A9F4000DF103020DF1060101A8B047BDF80430C2
:10AA0400BDF806202B836B82EA82A378A56803F045
:10AA14007F0305F12800A37004F012FE0028C3D0C0
:10AA240005F50E7004F00CFE0028BDD028680368FC
:10AA34001B6A98470028B7D0BBE700BFA0290020B5
:10AA4400024638B552F8105F04468068294602F081
:10AA540021F950B155B123690135AB42A37818BF30
:10AA640003F0BF0363F07F03A37038BDA37843F002
:10AA74004003F7E7F8B5047814F0200404D11A4B26
:10AA8400054642699A4202D300273846F8BDFFF7CB
:10AA9400D7FF07460028F7D0A8682E698279023EBE
:10AAA400416996400E440179A9B1214606E008F0B7
:10AAB400D1FBA868E1B202798A420BD9314405225C
:10AAC4002830013404F0E8FD4FF40072002100281E
:10AAD400EDD1D9E782794FF4007369693846934020
:10AAE40011FA83F36B61F8BD00FE1F0010B5044634
:10AAF40080680A462830A16904F0CEFD20B1A388FD
:10AB040003F00F0300EB431010BD00BF10B5037832
:10AB140004462BB1FFF73AFF00232370A37010BD46
:10AB2400002301202370A37010BD00BF38B5037843
:10AB340005460C4613B1FFF729FFF0B1A8680022BF
:10AB4400A969283004F0A8FDB8B1AA8802F00F0260
:10AB540000EB421352015D6880589968DA682060FE
:10AB64006560A160E26018695D699969DA692061CC
:10AB740001206561A161E26138BD002038BD00BFDC
:10AB840030B589B00D4614466946FFF7CFFF28B1AA
:10AB9400BDF81020BDF80E302A80238009B030BDE6
:10ABA40030B589B00D4614466946FFF7BFFF28B19A
:10ABB400BDF81820BDF816302A80238009B030BDB6
:10ABC4000B7813F0700F01D100207047F0B540F6F8
:10ABD400022389B00D46044601F0F0F838B1012291
:10ABE40010232046A2702370FFF744FF10B9002001
:10ABF40009B0F0BD2269237822626BB1636933B175
:10AC0400A378002223F02003C4E90422A370204681
:10AC1400FFF7BCFE0028EAD0A0680122A169283011
:10AC240004F03AFD0028E2D0B4F804C010220CF07D
:10AC34000F0C4FEA4C1300EB4C1C8CF80B20C05843
:10AC4400A768236A97F806E09E1EDCF80410DCF877
:10AC54000820DCF80C3006FA0EF6EE46AEE80F00DB
:10AC6400DCF81000DCF81410DCF81820DCF81C30D8
:10AC7400AEE80F007B6907F128000122F1184FF0BC
:10AC84002033CDF80130CDF80530ADF8093004F0AB
:10AC940003FD84460028AAD02E27EE468DF80070C6
:10ACA4007646BEE80F00CCF80000CCF80410CCF8CF
:10ACB4000820CCF80C308DF80170BEE80F00CCF8F9
:10ACC4001000CCF81410CCF81820CCF81C302B6AE7
:10ACD4001A0CADF81A30ADF814200FCECCF82000C1
:10ACE400CCF82410CCF82820CCF82C300FCECCF89B
:10ACF4003000CCF83410CCF83820CCF83C30A468C0
:10AD040004F1280004F09CFC00283FF470AF04F523
:10AD14000E7004F095FC00283FF469AF20680368C6
:10AD24001B6A09B0BDE8F040184700BF2DE9F041A7
:10AD3400002694B0984603780192ADF814600B96FF
:10AD4400002B41D10B780D4613F0700F3CD01378D3
:10AD5400044616462F2B3BD0002728E0019E367868
:10AD6400002E50D001F02AF8034602AA29462046B4
:10AD74002BB9B8F1000F27D0FFF722FF20B3A64666
:10AD84000DF12C0CBEE80F00ACE80F00BEE80F007C
:10AD9400ACE80F00DEF8005020462378CCF80050D1
:10ADA4000BB1FFF7F3FD019E0BAD2770A770314681
:10ADB40001AB02AA204601F04DF9064602AA294633
:10ADC40000232046002EC9D1002014B0BDE8F08134
:10ADD4000136019633782F2BFAD0AD682422002156
:10ADE4000BA808F037FA0D95EB79102B03D0202B24
:10ADF4000FD00C2BE8D120238DF82C3001230BAD80
:10AE04008DF82E30A8E702AAFFF7DAFE14B0BDE8E9
:10AE1400F0814023F0E700BF2DE9F041002594B014
:10AE24009846037801920295ADF83850002B37D13B
:10AE34000B780E4613F0700F32D013780446154683
:10AE44002F2B31D000271EE0019D2D78002D40D0FE
:10AE540000F0B4FFA6460DF1080C08B36646257849
:10AE6400BEE80F00ACE80F00BEE80F00ACE80F002E
:10AE7400DEF800302046CCF800300DB1FFF786FD37
:10AE8400019D2770A770294601AB0BAA204601F04B
:10AE9400E1F805460BAA314600232046002DD3D104
:10AEA400002014B0BDE8F0810135019529782F29DF
:10AEB400FAD0A9B9B5682422204608F0CBF9A560D8
:10AEC400EB79102B03D0202B22D00C2BE8D120229D
:10AED4001FE043460BAA00F071FF14B0BDE8F081F7
:10AEE400B6682422002102A808F0B4F90496F37984
:10AEF400102B03D0202B03D00C2BD1D1202300E026
:10AF040040238DF80830012302AE8DF80A3099E70A
:10AF14004022012322701846A370C2E719B101F53B
:10AF24008961FFF779BF0846704700BFCB6870B5E9
:10AF34000D46044693B906780EB1184670BD8D6867
:10AF44002422314608F086F9A560EB79102B18D03D
:10AF5400202B10D00C2B14D0304670BD242200219D
:10AF640008F078F901201023A0702370D5E902239A
:10AF7400A260236270BD4022012322701846A37090
:10AF840070BD2022F8E700BF70B505780DB1002030
:10AF940070BD0E4604462422294608F05BF9A660DB
:10AFA400F379102B0BD0202B03D00C2B07D0284681
:10AFB40070BD4022012322701846A37070BD202268
:10AFC400F8E700BF2DE9F04F2DED028B837883B0B5
:10AFD4000546DF0740F18C808846017892460E07CB
:10AFE40000F191808C0608D583685A894369C3EBC4
:10AFF40042139BB29A4528BF9A46BAF1000F00F05B
:10B00400AF806A6905F11003880656464FF00009BF
:10B0140008EE103AAF68C2F3080B3DD5396A01EB6C
:10B024005221BBF1000F51D1B6F5007F4ED37A6B9C
:10B0340091424BD0B6F5806FC0F082802878730AB5
:10B04400800605D43879A0EB0900834228BF034663
:10B0540091424FEA43240CD8C818824209D207F11E
:10B064002800CDE9001304F0EBFADDE90013002811
:10B074003ED0F86A026857694246B847002837D07C
:10B084006A69361BA04422446A6169D02978C2F3F4
:10B09400080BAF688806C1D497F8059009EA5229CD
:10B0A400BBF1000F36D1B9F1000F33D1002A33D1EF
:10B0B4004A064CBF3A6A2A6A2A61023AB87979691F
:10B0C400824049441144BBF1000FADD0CBF500746C
:10B0D400002207F12800B44228BF344604F0DCFA09
:10B0E40030B100EB0B012246404605F0B3FBC7E745
:10B0F4006B784FF0FF3043F002036B7003B0BDEC8C
:10B10400028BBDE8F08FC36942699B1A9A4528BF38
:10B114009A4672E72A69D0E70B0705D5AA78540640
:10B1240002D52A690132C7E718EE102A3846296980
:10B1340001F0FEFD0028DBDB0CD0AF682A69BCE718
:10B14400F86A424603681B6998470028D0D04FF438
:10B15400007495E72B7813F0700FC9D0AAEB060A98
:10B16400504603B0BDEC028BBDE8F08F70B582B0E1
:10B17400012204460DF10701D0E90456FFF722FF2E
:10B1840001280CBF9DF807004FF0FF30C4E90456B6
:10B1940002B070BD436913F4F07F30B5044683B048
:10B1A400C3F3431509D0012907D120334361A068B3
:10B1B400383000EB451003B030BD01220DF107011A
:10B1C4002046FFF7FFFE40B2012803D163691F3315
:10B1D4006361ECE70020EEE72DE9F04103789AB0D3
:10B1E400002613F0180F0896119606D017468368A8
:10B1F4008A6804460D469A4203D000201AB0BDE87E
:10B20400F081FFF7C3FBA6460DF1440CBEE80F0026
:10B21400ACE80F00BEE80F00ACE80F00DEF8003029
:10B224003246A169CCF80030A36803F1280004F089
:10B2340033FA0028E1D0A288EC4694F8008002F0AA
:10B244000F0200EB421E5201DEF804108058DEF8B3
:10B254000C30DEF80820ACE80F00DEF81410DEF83D
:10B264001820DEF81C30DEF81000ACE80F0018F0EF
:10B2740008033A46294640F09B8008A8FFF756FD8C
:10B284000028BAD0109EBDF8243000250E99012262
:10B29400A3809DF82330A068E3700B9B2830A16144
:10B2A400E3608DF820508DF8225004F0F5F9002861
:10B2B400A3D0A38803F00F0300EB4310DDF80D3097
:10B2C400C0F80D30DDF81130C0F81130DDF815305C
:10B2D400C0F81530DDF81930C0F81930BDF81D304C
:10B2E400A0F81D309DF81F30C3779DF80B30C37252
:10B2F400002E3BD0A068B31E2A46817928308B40AB
:10B3040050F8141C194404F0C7F9054600283FF40A
:10B3140074AF006A6F46696AAA6AEB6A0FC7286B42
:10B32400696BAA6BEB6B0FC73146A06801F022FD75
:10B3340000283FF462AFA068236A82792830023B78
:10B3440050F8141C93400122194404F0A5F9064650
:10B3540000283FF452AF6D460FCD30627162B26285
:10B36400F3620FCD30637163B263F3630021022291
:10B37400082311A819918DF846208DF8443000F067
:10B38400D3FE00283FF439AFA46804F1280004F088
:10B3940057F900283FF431AF04F50E7004F050F96A
:10B3A40000283FF42AAF206803681B6A984725E702
:10B3B40040F601236046FFF72FFD00287FF463AFBA
:10B3C4001BE700BF0378DA0601D400207047436905
:10B3D40030B5044683B033B18378002223F02003D0
:10B3E400C0E90422837000230FE06361A3686A014B
:10B3F40038339A5C03EB4513EAB1E52A04D02E2ACC
:10B4040002D0DB7A1B0722D5636913F4F07FC3F300
:10B41400431503F12003E8D101220DF10701204671
:10B42400FFF7D0FD40B2012803D163691F33636184
:10B43400DCE763785BB9A3780822204643F0020373
:10B444002270A37003B0BDE8304000F06DBE002050
:10B4540003B030BD2DE9F041037804460769002BA1
:10B4640039D00D464169A94242D0002D37D0180782
:10B474002AD5E269AA422ED3D4F808C06E1EA27857
:10B484009CF8060012F0400F00F10900C0B226FA41
:10B4940000F630D14A1EC24009B196422FD25B0653
:10B4A4004CBFDCF82030236A236104F1100806E065
:10B4B4002169013EA06801F03BFC00280BDD4246F7
:10B4C400002EF5D1A2780CE09A06D5D5A3685B8945
:10B4D400B5EB431FF6D900202761BDE8F0818278DF
:10B4E400056122F0200201206561A270BDE8F081AF
:10B4F4000120BDE8F081236A33442361F1E7B61AE1
:10B50400D3E700BF2DE9F0410E4615460021242261
:10B51400044698469DF8187007F09CFEB068336A9C
:10B5240000F13802A58005F00F0502EB4512C4E9CD
:10B534000203D17A0B0711D401F017012170D37AD9
:10B5440013F0180F02D141F00801217008F0030331
:10B55400E770012B38D0022B06D0F3B10023184634
:10B564002370A370BDE8F08103232178CD06F5D4C0
:10B57400CE07F3D408F0080118F4806F43EA0103FE
:10B58400A370416B958AA161518B41EA054112D0A8
:10B5940019BB63F07F03A37010E018F4806FDDD152
:10B5A40008F0080343F00103A370416B938AA1617F
:10B5B400518B41EA03412162D369E36118F4804F5E
:10B5C40004D10120BDE8F0810223CEE7E1692046E1
:10B5D400FFF740FF0028F4D1C0E701F0CBFB0028BF
:10B5E400BCD0A378D5E700BF0378002B45D12DE963
:10B5F400F0470B7884B00C4613F0700F30D04B69D1
:10B6040013F01F052CD106469046A94601220DF1E0
:10B614000F012046C3F3431A5F09FFF7D3FC40B27E
:10B624004FEA4A1201281BD16369A1681F3301F153
:10B63400380C63611CF802200CEB4A1C82B12E2AE0
:10B6440012D0A2F1E500B0FA80F0400960B99CF88C
:10B654000B1011F0080E12D00F2907D00546D5E7BC
:10B66400002004B0BDE8F0870025CFE75106CDD512
:10B6740002F01F059CF80D90C8E70020704785B1C3
:10B684000CF10A0101E01CF8012F4FEACE136145C9
:10B6940043EA5E0352FA83F35FFA83FEF3D1CE45A5
:10B6A400DED14346BAB2214630460095FFF72AFF61
:10B6B400D7E700BF03780BB1FFF768B901207047E3
:10B6C4002DE9F0470E46017882B009079DF82870ED
:10B6D4009DF82C909DF830A09DF8348018D5A2F2E6
:10B6E400BC7294B27F2C13D85A1E01930B2A0FD824
:10B6F4007A1E1E2A0CD8BAF13B0F98BFB9F1170F66
:10B7040006D8B8F13B0F03D80546FFF73FF918B93F
:10B71400002002B0BDE8F087A8680122A96928309A
:10B7240003F0BAFF0028F3D0019B4FEA5802A9881E
:10B7340047EA4313F70701F00F0142EA4A1243EACA
:10B74400442300EB41109BB242EAC92248BF438222
:10B75400B40792B208D518F001080382C28118BF59
:10B764004FF0640880F80D80710701D50383C2820D
:10B77400AC6804F1280003F063FF0028C8D004F586
:10B784000E7003F05DFF0028C2D0206803681B6AB6
:10B7940002B0BDE8F047184783789B0727D5036AB2
:10B7A40010B5044682B0ABB1016911BB01930162CB
:10B7B4001946A06801F0DEFAB0B1A378616963F0BC
:10B7C4007F032278E161A37022B12046FFF7DEF8FF
:10B7D40002B010BD012002B010BD6FF070422169AB
:10B7E400A06801F0B7FA68B9002002B010BD0020CB
:10B7F4007047002301AA8068019301F099FA002898
:10B80400F2DBEAD1019B002BD7D0D1E72DE9F04739
:10B81400837805469C0777D588461907914600F139
:10B82400B5806B6913EB09026ED2B9F1000F40D0F9
:10B834004F464FF0000AA868C3F308062969447903
:10B8440014EA53243FD1002E3DD100296ED0AA78AA
:10B85400520676D5EA699A4273D9013129610239CF
:10B864008279436991401944B7F5007F53D3B7F502
:10B87400806F70D303797A0A1B1B934228BF134647
:10B88400426B8A424FEA432407D35E18B24204D281
:10B894004FF0FF3280F828A04263C06A424606682F
:10B8A400B66AB04780B36B693F1BA04423446B6105
:10B8B400C1D1EA699A4276D2AA784846EB6162F02D
:10B8C4007F03AB7025E082790239436991401944C2
:10B8D4002144002EC8D0C6F500740122BC4228BF02
:10B8E4003C46283003F0D8FE70B13044264422464A
:10B8F400414604F0AFFFB6F5007FA868D3D12830E5
:10B9040003F09EFE0028CED16B78002043F00103A3
:10B914006B70BDE8F087C6F500746A69EB69BC42D8
:10B9240028BF3C469A4205D30522DAE7296A21B3A7
:10B93400296194E7AB7813F0200F14BF052201228C
:10B94400CFE705F1100201F0F3F90028DCDB24D085
:10B95400A868296983E7436B8B4204D14FF0FF3316
:10B9640080F828A04363C06A424603685B6A98472C
:10B974000028C9D04FF4007495E72846FFF760F813
:10B984000028C1D02969A868296268E7C169FFF75E
:10B9940061FD00287FF445AFB6E72846FFF750F86D
:10B9A4000028D5D1B0E7054B1B682BB1AB784846CE
:10B9B40063F07F03AB70ACE74846AAE7A0290020F8
:10B9C4002DE9F04F84468DB0144615689846064616
:10B9D400894603AF01934FF0000EBCE80F000FC778
:10B9E400BCE80F000FC7DCF8003065603B604346DD
:10B9F400A4F80CE0002B3FD04FF0010AA9EB0A0198
:10BA040003A889B24901FFF725FD50B3002103A81B
:10BA1400FFF7C0FB074620B300250DE003F07AFED4
:10BA24008046584603F08AFF8346404603F086FF6B
:10BA3400834516D10D2D18D0EAB23946304601356A
:10BA440000F0E4FEA38983462046002BE6D1D4E926
:10BA540001329342E2D1BBFA8BF040090DB0BDE84C
:10BA6400F08F00200DB0BDE8F08F0AF1010A019BB0
:10BA74005FFA8AFA5345C1D20120EFE72DE9F04F6E
:10BA840007468DB016469A460DF10C0C02F11504CA
:10BA940002F1200501914FF000090FCFACE80F002F
:10BAA4000FCFACE80F003B68CCF800304FEAC91365
:10BAB40014F8012F43EA5903A54252FA83F35FFABB
:10BAC40083F9F3D133684FF000087360A6F80C8053
:10BAD400BAF1000F4ED00127019B03A8D91B89B2EC
:10BAE4004901FFF7B7FC002855D0002103A8FFF750
:10BAF40051FB00284FD0059A574500F1010B4FF038
:10BB0400010492F828304FF0000543F0010382F855
:10BB140028304FF00F030CBF47F040023A46C3727F
:10BB24004FF00003027003734FF0000380F80D9090
:10BB3400438306E0ABF80000013401350BF1020B3E
:10BB4400E4B2B08918B9D6E901239A4216D0304636
:10BB540003F0E0FD042DEBB2ECD90A2B02D8ABF8CC
:10BB64000300E9E70D2CABF80500E5D10137FFB27E
:10BB7400BA45B1D201200DB0BDE8F08FB8F1000F85
:10BB840006D008F101084FF6FF705FFA88F8E1E784
:10BB94004FF00108DEE700200DB0BDE8F08F00BFD4
:10BBA40002464FF0203152F8163B2DE9F043C0F81D
:10BBB4001610864684685160C2F807101A782E2A37
:10BBC40014BF0120002003D113F8012F2E2AFBD02B
:10BBD400611E99420BD90A4602E09342114606D0EF
:10BBE4001146013A91F800C0BCF12E0FF5D19C42E8
:10BBF4004FF0000540F2868007260827A946A8468C
:10BC040006E001330A264FF0080910279C425BD94D
:10BC14001A782E2A08BF9942F3D0222A0DD07C2A02
:10BC24000BD0A2F15B0CBCF1020F06D9A2F12A0CD5
:10BC3400BCF1050F21D82D2A1FD002F0C002802AA2
:10BC44005DD04E452FD299422CBF002001200A2EF0
:10BC540008BF40F00100002847D09EF81630202B82
:10BC640040D09EF8143001207E21312273448EF896
:10BC740015009975DA75BDE8F083A2F13A0CBCF1B0
:10BC8400050FDAD9A2F1210CBCF15D0FD5D84E45D0
:10BC9400D9D3A2F1610CBCF1190F28D8203A3D4345
:10BCA400D2B2EDB201E000205F2209F1010CF144AF
:10BCB400013389F816205FFA8CF2062A914698BF60
:10BCC4008EF814209C42A3D89EF81630202B09D05D
:10BCD4000028C6D018EA050F18BF02258EF81550A3
:10BCE400BDE8F0830020BDE8F0830B468EE7A2F1A7
:10BCF400410CBCF1190F98BF47EA0808D5E7013396
:10BD0400002083E7A846DFE72DE9F84F4FF06209EA
:10BD140000250F460446DFF8A0B04FF07E0A91F8E4
:10BD2400148001F11606B8F1030FDBF8003028BFC8
:10BD34004FF003082B449DB208F10403DBB205F075
:10BD44000F02581E2D09092A02F1370198BF02F18A
:10BD54003001FA18C3B291759845F0D107EB080386
:10BD64000021204683F816A0FFF774FB012120462A
:10BD7400FFF710FA03460B2230469BB193F800C03C
:10BD84001946BCF1000F13D0DB7A1B07EED407F081
:10BD9400B5F90028EAD109F1FF3919F0FF09C2D138
:10BDA400484603E06078B0FA80F04009BDE8F88FB7
:10BDB4000120BDE8F88F00BFCC5B00202DE9F04FD7
:10BDC4002DED028B8BB0CDE902038B6807930B78C2
:10BDD40013F0700F53D0029B1B78002B4FD11369C3
:10BDE40090469A4A0E460C33A2FB0323C3F3870200
:10BDF40098F815309807049200F0A780571CFFB2FA
:10BE04000023304619461C460693FFF723FB08F12E
:10BE14001603A346A146A24608EE103A0594756996
:10BE240000213046FFF7B6F9C5F34F15034620B39A
:10BE34000278E52A29D042B3BC4238BF00242E2A16
:10BE44002BD090F80BC0BCF10F0F54D01CF0080C91
:10BE540023D1B9F1000F40F0D5800B2218EE101A4F
:10BE640007F04CF90028DAD198F8153013F00103E3
:10BE740000F0E48001230593D1E7737883B10020B7
:10BE84000BB0BDEC028BBDE8F08F002C08BFAA46B6
:10BE9400BC4201D20134E4B212B14FF00009BEE752
:10BEA400039B9A05EBD503F00303013B012BE6D872
:10BEB400002C08BFAA46BC4203D348E0DCB2A74228
:10BEC40045D000213046FFF765F9631C0028F5D101
:10BED4007378002BD3D1A74239D9079D05E02B797C
:10BEE40004EB0314E4B2A74231D93046FEF7C2FD95
:10BEF4000028F4D1C3E7B9F1000F19D102F01F0BE8
:10BF0400049959458BD112F0400988D0437B894666
:10BF14000693BBF1010F82D1691C4B464246304661
:10BF240089B2FFF74DFD002808BF4FF0000976E7FE
:10BF34000BF1FF3B5FFA8BFB5A45AED1437B069A6C
:10BF44009342E6D04FF0000969E7012758E7059BC3
:10BF54002BB141463046FFF7D7FE00288FD0013F72
:10BF640042463046FBB20AEB03051F46ADB22946F2
:10BF7400FFF784FD002882D069013046FFF76AFA92
:10BF840000283FF47CAF00213046FFF703F9044654
:10BF940000283FF474AF2022002107F05BF9D8F8A1
:10BFA4001620D8F81A302260636098F82030B8F868
:10BFB4001E20A372228198F8153003F0180323730E
:10BFC400234B1B68002B3BD00DF123020DF12601FE
:10BFD40009A89847BDF824302382BDF82630E381B0
:10BFE4009DF823306373079A92F8283043F00103D5
:10BFF40082F82830039B2A46314602980097FFF7BF
:10C0040081FA3DE7BBF1010F7FF439AF0A3001E05B
:10C0140013F8012F4FEACC11984241EA5C0152FA1D
:10C0240081F25FFA82FCF3D1069B63457FF427AF6C
:10C034004F46039B19053FF522AFDBE71F46F8E7A0
:10C0440045F62123238223836382CCE74FECC44E3D
:10C05400A02900202DE9F0411F460B7882B00C4640
:10C06400202B154603D114F8013F202BFBD02C6064
:10C07400237863B32F2B2AD04FF00008294E211DBB
:10C08400204601AA03F00EFC044670B1019BB3F5EF
:10C09400803F40D27F2B08F1010831D83C2BD9B224
:10C0A40029D8212905D81F2909D8002002B0BDE8C4
:10C0B400F0812239C9B226FA01F1CA07F5D42E2B30
:10C0C40001D0202B1CD123780BB12F2BD7D12B6976
:10C0D400013BFE2BE9D82378202B03D114F8013F30
:10C0E400202BFBD02F2BF9D028463C6002B0BDE8B2
:10C0F400F041FFF755BD5C29D7D005D97C29D4D0B0
:10C10400C5F81080AC60DEE73E390129F8D800207C
:10C1140002B0BDE8F08108F10208AC60C5F81080F7
:10C12400D1E700BF01210005F0B500238BB00193D6
:10C1340083789A0724D5016A054619B1806800F00E
:10C1440019FEE8B101212846FEF7D0FCC0B1421E19
:10C1540000F10A0C0024E30112F8011F43EA54031E
:10C16400944551FA83F3DCB2F5D1E5260023067039
:10C17400AF682B7007F12800AB7003F061FA10B9B7
:10C1840000200BB0F0BD07F50E7003F059FA00283B
:10C19400F6D0386803681B6A98470028F0D0EB781B
:10C1A400002BEED0294601A8FEF7C0FE0028E7D0F8
:10C1B400EB78002BE4D0012721E001A8FEF7EAFF89
:10C1C4007B1CF9B20028DBD0C27A0F2AD8D10278BE
:10C1D4005FFA83FC9FB202F01F038B42D0D1437BF2
:10C1E400A342CDD10670A96891F8283043F0010329
:10C1F40081F8283053060DD4EB786345C0D3A98861
:10C2040001A8C91B89B24901FFF724F900210028BC
:10C21400D3D1B5E7AC6804F1280003F011FA002883
:10C22400AED004F50E7003F00BFA0028A8D02068F5
:10C2340003681B6A9847A4E72DE9F843DDF82090CA
:10C24400A2B105460C469846571801E0BC420DD0F1
:10C254002B68204649465E6AC04721460246284666
:10C264000134B0470028F1D1BDE8F8830120BDE8CE
:10C27400F88300BF486810B50C4630B10B894A8971
:10C2840001339BB29A420B8101D9206810BD036827
:10C29400012203495B68984700232068238110BD6D
:10C2A4009C0F00202DE9F04F054687B08846924642
:10C2B40000214FF40072406A06F0CCFF286A28B1CE
:10C2C40003680C223A495B689847286A6B6A4FF006
:10C2D4000009EE690AF1FF32DFF8E0C0E968ADF861
:10C2E40014904C1CCDE903304FEA5A13ADF81630C4
:10C2F4003368DF6A674526D16AB301EB0A07DFF8C2
:10C30400C0A00AE02146039A30460134D8470028E9
:10C314003FD0A7421ED033680498D3F824B0002835
:10C32400F0D0BDF81430BDF8162001339BB29A4208
:10C33400ADF81430E6D80368514601225B6898478B
:10C34400ADF81490DEE703AB214630460093194B59
:10C35400B847F0B1286A20B10368022216495B6825
:10C364009847B8F1100F4FF0F8016A6A4FF00103D3
:10C374000CBF04200C201170FF216A6AD1540133D0
:10C384009842FAD1E8696A6A0368E9685B6A98477F
:10C3940018B9002007B0BDE8F08FD5E90231E8698B
:10C3A40019446A6A03685B6A984707B0BDE8F08F6E
:10C3B4008C0F0020E5A20000B40F0020A9A2000009
:10C3C4009C0F002038B5436A4FF4007504460021E1
:10C3D4002A46184606F03EFF4FF02031EB22A0F823
:10C3E4000B50C0F803100346C0F8071090210270E8
:10C3F400762099700222587094F82B1059734AF6DB
:10C404005521208D1A74F822D8815A752269DA616F
:10C41400A269A3F8FE111A6238BD00BF70B50446C4
:10C424004FF400720021406A06F014FF656A226925
:10C43400216805F2BF1003F093F9A369226905F29C
:10C44400C31021681A44013A03F08AF994F82A20A7
:10C454004AF6552385F8C2212269E069C5F8C62148
:10C46400626AA169A5F8FE310368C5F8CA11002102
:10C474005B6ABDE87040184770B546694FF4807335
:10C4840090F82BE00446A6F58072456A4360B2FB3F
:10C49400FEF202F2011C4FEA1C214FEA410C8160BA
:10C4A4000CF1A10098420ED98033F21AB2FBFEF2CD
:10C4B40002F20111090A4FEA410C0CF1A100834276
:10C4C400F2D3C4E901311B1AA2F6F57103F180001D
:10C4D400B1F5704F20614FD20CF1210C813320460D
:10C4E40002FB0EC2E360B2F5803FA26134BF0423B5
:10C4F400062384F82A3001232385FFF78FFF08B928
:10C50400002070BD2046FFF75DFF2922A1684FF08F
:10C51400203385F826204622C5F82F30802085F860
:10C5240036205422C5F82B30C5F83230312385F833
:10C5340038203622E982412185F8393085F83710D0
:10C544004FF4007185F8240085F83A200F4BE06918
:10C55400C5F827300368A5F81110626A21695B6A7F
:10C5640098470028CCD062682046E3681021D21A8C
:10C57400BDE87040FFF796BE206A0028C0D003686B
:10C58400132203495B689847002070BD87D61200C8
:10C59400600F0020F8B546694FF4005390F82BC0A3
:10C5A4004FF48042A6F58041036142F2090E04462D
:10C5B400456A4260B1FBFCF101F18103DB09836050
:10C5C4000EEB4300904240F2B68002F50052B11ADD
:10C5D400B1FBFCF101F18103DB090EEB43005F00C9
:10C5E4008242F2D3C4E901234FF6F473994240F234
:10C5F400978001FB0C2CA2F500522046D21B92B26C
:10C6040002F5005322854D4AE360ACF5005394458E
:10C6140094BF4FF00B0C4FF00C0CA36184F82AC0AC
:10C62400FFF7FCFE08B90020F8BD2046FFF7CAFE5C
:10C63400A16829224FF020338020696285F84220C6
:10C6440054214622C5F84B3085F840004120C5F8F6
:10C654004730C5F84E30022385F85220332285F83E
:10C664005410322185F8552085F8530085F856106A
:10C67400EB62E069324B334A2B630368C5F843200D
:10C684005B6A626A216998470028CCD0E069216915
:10C6940003680631626A5B6A98470028C3D04FF486
:10C6A40000720021606A06F0D5FDE069264A03683D
:10C6B400C5F8FC2121695B6A0231626A9847002847
:10C6C400B1D0E069216903680831626A5B6A9847FE
:10C6D4000028A8D04FF0FF33E0691C4AC5E97A333B
:10C6E4001B4B2A60C5F8E43103682169626A5B6AFE
:10C6F40001319847002896D0E06921690368626A8D
:10C7040007315B6A984700288DD0A268204694F8C8
:10C714002B30202103EB4202BDE8F840FFF7C2BDF5
:10C72400206A00283FF47FAF0368132209495B683D
:10C7340098470020F8BD5F0056E700BF0004FB00E7
:10C744000100060087D61200000055AA525261412A
:10C7540072724161600F002038B504460D68C161F2
:10C7640008466262EA692362904700F2FF736061DF
:10C77400DB0A062B236024D9102B13D80223B0F52F
:10C78400800F84F82B3020462ED2FFF775FE054625
:10C79400206A05B320B103680D2219495B689847E4
:10C7A400284638BD202B23D9402B23D9802B23D9CD
:10C7B400B3F5806F22D9B3F5004F8CBF802340239B
:10C7C400DDE7206A20B1036814220E495B689847AC
:10C7D4000025284638BD0028FAD003680F220A49EC
:10C7E4005B689847284638BDFFF7D4FE0546CFE777
:10C7F4000423C4E70823C2E71023C0E72023BEE7CD
:10C80400400F0020280F0020500F0020042A04D8D5
:10C8140001EB4202B2F8010070470A2A03D801EB87
:10C824004202908870470C2A03D801EB4201C88861
:10C8340070470020704700BFF8B504780E467CB1FD
:10C8440014F06004174607D0012A09D92F220023C7
:10C8540001200A704B70F8BD2146FEF747F918B95C
:10C86400002318463370F8BD0346A446082111E09E
:10C87400027B114203D00EF1200E5FFA8EFE651C7E
:10C88400BD42EDD20CF1010C06F804E0ECB2BCF1AF
:10C894000C0F10D0BCF1080F11D013F801EBAEF15E
:10C8A4004102192AE4D9BEF1200FE8D10CF1010CA0
:10C8B400BCF10C0FEED1002320463355F8BD1A7895
:10C8C400202AF8D010214FF02E0ED8E72DE9F04F92
:10C8D40000248BB0037889460194002B55D0C3788B
:10C8E4000646002B58D0014601A89046FEF71EFBD1
:10C8F40000284AD0F078002843D008F1FF38CB460E
:10C904004FF0010AC844B18801A8A1EB0A0189B219
:10C914004901FEF79FFDC0B3002101A8FEF73AFCD0
:10C9240098B3C37A0F2B30D103785FFA8AF103F0FE
:10C934001F038B4229D1471C0025042DEBB23FD89D
:10C944003B8874BB03F5205189B2B1F5006F3ED327
:10C95400A3B118465946424602F052FF8346A0B19D
:10C964000024013502370D2DE7D10AF1010AF178CF
:10C974005FFA8AF31FFA8AFA9942C4D2ABEB090030
:10C98400D946002389F8003003E00023184689F8CB
:10C9940000300BB0BDE8F08FFFF74EFF0BB0BDE8E1
:10C9A400F08F03F5105189B2B1F5806FEDD20A4AC8
:10C9B400C3F3090302EA8420184300F58030C9E771
:10C9C4000A2B94BFB7F80330B7F80530B9E7B1F5CF
:10C9D400806FDAD21C46C4E700FC0F00FFF776BF75
:10C9E4002DE9F843DDE90887C3B181460C461546B5
:10C9F4005E1802E0C047B44210D0D9F80030214696
:10CA04002A4648461B69984703463A462046294623
:10CA14000134002BEED11846BDE8F88301231846F3
:10CA2400BDE8F88310B41468B4F5807FA44628BF29
:10CA34004FF4807C01EB4C00814207D231F8023B79
:10CA440013B95368013353608842F7D8A4EB0C043C
:10CA540014605DF8044B704710B41468802CA4462D
:10CA640028BF4FF0800C01EB8C00814207D251F8B3
:10CA7400043B13B95368013353608842F7D8A4EBDD
:10CA84000C0414605DF8044B704700BF2DE9F843B3
:10CA9400C37904460D461746202B59D0102B30D0AD
:10CAA4000C2B51D1027AC1F34E01836900F50E7942
:10CAB40011FA85F1A2F1020248468EB2B2FA82F26C
:10CAC400C1F34621520901EB03085200414602F02A
:10CAD400E3FD002838D0C6F30806731C865DB3F561
:10CAE400007F23D018440378EA07E26946EA032367
:10CAF4004CBF1B09C3F30B039A4240D20020BDE88C
:10CB0400F883027AC1F30721836900F50E70A2F15C
:10CB140002021944B2FA82F25209520002F0BCFD38
:10CB240090B16D0005F4FF75435B25E0227A08F1AE
:10CB340001014846A2F10202B2FA82F252095200FD
:10CB440002F0AAFD0028CED14FF0FF30BDE8F883F3
:10CB5400027A816900F50E70A2F1020201EBD5118F
:10CB6400B2FA82F25209520002F096FD0028EBD08C
:10CB7400AD0005F4FE754359E2699A42BED3012023
:10CB84003B60BDE8F88300BF2DE9F843C37905464F
:10CB94000C461646202B48D0102B2DD00C2B41D1FF
:10CBA400C1F34E01836900F50E7911FA84F11FFA7D
:10CBB40081F8C1F34621CF18037A4846022B39463F
:10CBC40014BF0122032202F067FD58B314F00104DC
:10CBD400C8F308033FD0C25C02F00F0242EA061217
:10CBE400C2540133B3F5007F3AD0C6F307120344AD
:10CBF40001201A70BDE8F883027AC1F30721836922
:10CC040000F50E70022A194414BF0122032202F017
:10CC140043FD034630B16400012004F4FF741E5345
:10CC2400BDE8F8830020BDE8F883037A816900F544
:10CC34000E70022B01EBD41114BF0122032202F067
:10CC44002BFD03460028EDD0A400012004F4FE745B
:10CC54001E51BDE8F883C6540133B3F5007F15D1E6
:10CC64002B7A791C4846022B14BF0122032202F0BE
:10CC740013FD03460028D5D0C6F30712002CB7D104
:10CC8400197821F00F0141EA1212B1E7C6F3071235
:10CC94000344F5E72DE9F041C46882B005460E4629
:10CCA4008C42904640D301270134EB6901AA2846FF
:10CCB400A34205D29FBBEC6801273C44A3422ED378
:10CCC400A64218BF012C214629D9FFF7DFFE002810
:10CCD40025DBE9D0019B002BE6D107B1EC60EB69C1
:10CCE400A3421CD36FF0704221462846FFF74CFF45
:10CCF4000746A0B13EB96B6A002B01DB013B6B62B6
:10CD0400C8F800400CE0012E09D0EB699E4206D819
:10CD1400314622462846FFF737FF0028EBD100278B
:10CD2400384602B0BDE8F0810C460027BCE700BFDE
:10CD340001290CD910B4C4698C4203D35DF8044BA7
:10CD4400FFF7A4BE4FF0FF305DF8044B70474FF07F
:10CD5400FF30704701290BD910B4C4698C4203D346
:10CD64005DF8044BFFF710BF00205DF8044B7047DB
:10CD74000020704770B5054682B00C461DE0EB6993
:10CD84009C421FD8FFF782FE064621460022002E51
:10CD9400284617DBEB699C4214D8FFF7F5FE621EA8
:10CDA40080B16B6A002B03F10103A8BF6B62EB68CF
:10CDB400A342019C88BFEA602EB1012C214601AA3E
:10CDC4002846DCD8002002B070BD00BF2DE9F04732
:10CDD4000646406A84B000281BDAF2790C2A1BD17B
:10CDE400F7697B1C022B40F2CD80022400252146EA
:10CDF40002AA3046FFF74AFE002804F1010306DBCD
:10CE040057D1A7421C465CD0F2699342EFD94FF048
:10CE1400FF3004B0BDE8F087F169002096F838329D
:10CE240001313469DB07CDE9021000F1858000216E
:10CE34004FF0FF33202A06F5127786F83812C6F829
:10CE4400443242D0D6F800804F4BD8F80020D6F8B0
:10CE540018A095699D4278D1002C00F082800AEBDD
:10CE64000409136951463A46404698470028CED0F3
:10CE74000299B1F5807F8E4628BF4FF4807E07EB80
:10CE84004E0CBC450BD9039D3B46002233F8024BA4
:10CE94000CB9013502469C45F8D802B103950AF154
:10CEA400010AA1EB0E01D14502915AD0D8F8002015
:10CEB400D7E7029A002AA4D1A74205F101051C462E
:10CEC400A2D1284604B0BDE8F087D6F800A02E4BC6
:10CED400DAF80020D6F8189095699D4246D1002CC6
:10CEE4003FD009EB0408136949463A46504698472F
:10CEF40000288CD0DDF808C0BCF1800FE64628BFBE
:10CF04004FF0800E07EB8E02BA420BD9039D3B46CD
:10CF1400002153F8044B0CB9013501469A42F8D864
:10CF240001B1039509F10109ACEB0E03C845029365
:10CF340017D0DAF80020D6E706F50E7002F080FB71
:10CF440000283FF464AFF27971E7234602AC3A4615
:10CF54005146019440460D4C0094A84700283FF4E4
:10CF640056AF0398706204B0BDE8F087234602AC64
:10CF74003A46494601945046054C0094A847002877
:10CF8400EFD144E7002044E751AA000095AA00002D
:10CF9400C9AA000070B500230446154601204FF0CD
:10CFA400FF3204F128062160E371E060E162C4F815
:10CFB4003C1284F8283084F838326263C4F844227E
:10CFC400CDB1042D01D9002070BD1A461946304652
:10CFD40002F062FB6FF0704300F5DF722B441D0119
:10CFE40002EB03130028EED019790029EBD0525D2F
:10CFF4005206E8D19D6800222946304602F04CFBD7
:10D004000028E0D0B0F80B30B3F5007FDBD1037C0F
:10D014005A1E2372012AD6D8417B4B1E0129217145
:10D0240063714FF00003A37144D001225200013315
:10D03400D2B2DBB2914204D0082BF7D10020A37105
:10D0440070BD1E46A371C18A216109B9416A21617B
:10D05400C289B0F811302A4463815B01A26190F85F
:10D0640010C003F2FF1301FB0C2202EB53232262D4
:10D07400B0F81320636102B9026AED1AAB18F340E9
:10D084005A1CE2614FF0FF32626240F6F47293423E
:10D094000CD94FF6F47293420AD9C26A2023226251
:10D0A4000120E3712163C4F8401270BD0C23F7E73B
:10D0B4001023F5E71E46C6E7F8B500268F6B0D462C
:10D0C4000446C0E90E669FB10146242000F0DCF856
:10D0D400068086708446AD6BA0630FCDACE80F006C
:10D0E4000FCDACE80F002B68CCF800302046F8BD1B
:10D0F400CB6B002BFAD00146382000F0C5F880F83D
:10D10400317047860246EB6BE06303F130071E681B
:10D11400103353F80C5C103253F8080C53F8041C09
:10D12400BB4242F8106C42F80C5C42F8080C42F81E
:10D13400041CECD11B6820461360F8BD10B50446EE
:10D14400806B10B1FDF7E2FC30B9E06B10B1FBF776
:10D15400CFFB20B9002010BD0023A36310BD002322
:10D16400E36310BD002952D02DE9F0410446806BE1
:10D174000D4617461E4610B1FDF7C8FCA0BBE06B78
:10D1840010B1FBF7B5FBB8BBD5F88084B8F1000F3C
:10D1940011D02146242000F077F8334600263A4681
:10D1A40006808670A063D5F88014FDF7B7FE58BBDF
:10D1B400A063BDE8F081D5F8843493B121463820CA
:10D1C40000F062F8334680F831803A46A0F83280A5
:10D1D400E063D5F88414FBF7BFFFA8B9E063BDE8AA
:10D1E400F0810020BDE8F0810023D5F88084A3639A
:10D1F400B8F1000FCDD1DEE70023D5F88084E363D6
:10D20400B8F1000FC5D1D6E70120BDE8F0810020B8
:10D21400704700BFF8B50446806B0D46174610B141
:10D22400FDF774FC38BBE06B10B1FBF761FB38BB56
:10D23400AE6B76B12146242000F026F800213A4650
:10D2440001808170A063A96BFEF7CEF988B9A06351
:10D25400F8BDE86B0028FBD02146382000F014F814
:10D264003A4680F831604686E063E96BFBF77CFF61
:10D2740020B10120F8BD0023A363D9E7E063F8BD22
:10D284000023E363D4E700BF084670472DE9F0416B
:10D29400002604469846C0F88814C0F88064014605
:10D2A4004FF490601746FFF7EFFF424680F844645E
:10D2B400054680F87964A0F87A64C4F88404D4F844
:10D2C4008814FDF7E7FAA0BB0026214640F26C4023
:10D2D400C4F88464FFF7D8FF0223C6714246A0F85D
:10D2E4004864054680F84A640372C4F88004D4F89C
:10D2F4008814FFF74FFE38B900231A4A1846136002
:10D30400C4F88034BDE8F08105F589663046FDF740
:10D31400FDFB29463046FDF737FE0028ECD0124BC2
:10D324001A68AAB91D600F4BAFB101201C60BDE89B
:10D33400F08105F589663046FBF7DAFA294630466E
:10D34400FBF704FB0028BFD0084B1A68002AE9D079
:10D35400044B002FE9D11A68002AE6D00120BDE869
:10D36400F08100BFDC290020E0290020A82900204A
:10D3740070B500254FF47A760446456005738660DF
:10D38400C0E91255034D40F8105BFFF7EBFE204651
:10D3940070BD00BFF01100204FF0FF30704700BF98
:10D3A400407C7047007D7047407D70470120704786
:10D3B400007F70472DE9F0471E46C37C05460C46A6
:10D3C400022B9146089F28D02B68214628461B6EC5
:10D3D400984798B1AC61B9F1000F12D004EB090879
:10D3E40001E0A0450DD039462046B0472B680146E0
:10D3F4002846DB6D013498470028F2D10020BDE8AF
:10D40400F087AB69287F4B44AB610028F7D12B68C8
:10D4140028465B6EBDE8F047184783698B42D3D139
:10D42400D9E700BF704700BF043002F0B5B800BFB1
:10D4340010B50446202103F0A9FA204610BD00BF10
:10D444002DE9F0411F46C37C05460E46022B1446C7
:10D4540024D02B68314628461B6E984778B1AE61BC
:10D4640087B1002601E0B7420CD02A68214628463D
:10D474000136D26D04F5007490470028F3D10020E2
:10D48400BDE8F081AB69287F3B44AB610028F7D14C
:10D494002B6828465B6EBDE8F041184783698B42D0
:10D4A400D7D1DDE72DE9F041204E074600F104080D
:10D4B400356805F51675ADB203E03368EB1A1B0445
:10D4C40010D4404602F06CF8FF280446F5D1FD2143
:10D4D400404602F083F8BB7CCBB900230120FB74E7
:10D4E400BDE8F0811E23B87C7B740028F8D0387C1A
:10D4F400012102F009F8FF21404602F06FF840468E
:10D5040002F022F800231846BB74BDE8F081012123
:10D51400387C01F0F9FF2146404602F05FF84046AE
:10D5240002F012F80023BB74D7E700BFCC5B0020E5
:10D534002DE9F041C37C012B35D0867C04464EB1E5
:10D54400043002F02DF8B0F1FF0518BF012528467C
:10D55400BDE8F081071D4FF00108384601F0D6FF01
:10D564003146207C01F0D0FFFF21384602F036F826
:10D57400384684F8128002F013F8A37CB0F1FF055A
:10D5840018BF0125002BE2D04146207C01F0BCFFEE
:10D59400FF21384602F022F8384601F0D5FF28462C
:10D5A400A674BDE8F08100252846BDE8F08100BFDF
:10D5B4002DE9F843204F0446884691463D68061DF0
:10D5C40005F59675ADB203E03B68EB1A1B040DD468
:10D5D400304601F0E5FFFF282075F5D0FE281AD06B
:10D5E4001823A07C637430B9BDE8F8831D23A07CA4
:10D5F40063740028F8D0207C012101F085FFFF210D
:10D60400304601F0EBFF304601F09EFF0023184640
:10D61400A374BDE8F8834A464146304601F0CCFF86
:10D62400207538B9304601F0BBFF304601F0B8FF31
:10D634000120D9E72523D4E7CC5B0020F0B50027EF
:10D6440083B00C2104463A46C77400F05BF8B0B9C5
:10D65400A67C1EB90126304603B0F0BD0546012163
:10D66400207C01F051FF201DFF21019001F0B6FF45
:10D67400019801F069FF3046A57403B0F0BD092399
:10D68400A67C6374002EE6D0251D207C01213E4635
:10D6940001F03AFFFF21284601F0A0FF284601F0DF
:10D6A40053FF3046A77403B0F0BD00BFC27C022A0A
:10D6B40003D0012A04D00120704703685B6E184729
:10D6C400FFF7BCBF38B503680D460D4904461A6A16
:10D6D4008A420CD1C27C022A04D0012A0BD0012038
:10D6E400257738BD5B6E98470028F8D138BD904740
:10D6F4000028FBD0F3E7FFF7A1FF0028F6D0EEE700
:10D704001DB700002DE9F041036882B00F4635498A
:10D71400019206461A6A8A425ED1C27C022A41D02C
:10D72400012A5BD0B47C002C47D0351D0C2F11D0BE
:10D73400DFF8B480D8F8004004F59674A4B204E08D
:10D74400D8F80030E31A1A0434D4284601F028FF2C
:10D75400FF28F5D10DF1040802AC47F0400128463A
:10D7640001F03CFF14F8011D284601F037FFA045E5
:10D77400F8D1002F28464FF00A040CBF95218721C9
:10D7840001F02CFF284601F00BFF2846013C01F074
:10D7940007FF0306A4B2307501D5002CF5D102B001
:10D7A400BDE8F0815B6E98470028BBD1FF2002B032
:10D7B400BDE8F081002FCDD0F8E7351D284601F0F3
:10D7C400A5FE2146307C01F09FFEFF21284601F092
:10D7D40005FF0123B374A9E79047E5E7FFF72EFFA0
:10D7E400E2E700BF1DB70000CC5B00202DE9F04745
:10D7F40088B005464FF00008174601AC2E1D85F889
:10D80400128085F8118085F8158084E80E009DF853
:10D814000400287401F074FE0121287C01F074FED8
:10D824006C490723C5E9021394E8070005AB83E8B4
:10D83400070030460ECB01F073FEAC7C85F81380F4
:10D84400002C67D00A240121287C01F05DFEFF2111
:10D85400304601F0C3FE611E11F0FF04F7D12146EA
:10D864000A24287C01F050FE002228461146FFF7C6
:10D8740049FF012804F1FF3304460AD013F0FF04E2
:10D88400F2D10123A87C6B74002851D108B0BDE803
:10D89400F0874FF4D57208212846FFF733FF42077B
:10D8A40057D56C752B68DFF830A19B6D534561D15A
:10D8B400687DA0F10204DFF82491B4FA84F4D9F865
:10D8C4000030640903F5FA68A4071FFA88F805E034
:10D8D400D9F80030A8EB03031B0449D437210022F4
:10D8E4002846FFF70FFF224629212846FFF70AFFA3
:10D8F4000028EDD12B689B6D534565D1687D0228C6
:10D9040049D0AB7CCBBB07230120C5E9027308B027
:10D91400BDE8F087304601F0F9FD2146287C01F08E
:10D92400F3FDFF21304601F059FE0123AB7489E772
:10D93400287C012101F0E8FDFF21304601F04EFE74
:10D94400304601F001FE00231846AB7408B0BDE870
:10D95400F087022304246B75304601F021FE631E18
:10D96400287513F0FF04F7D1AA289BD0062389E772
:10D97400172387E7284698479BE70121287C01F075
:10D98400C3FDFF21304601F029FE304601F0DCFDE5
:10D994000023AB74B7E700223A212846FFF7B2FE12
:10D9A400A8B9304601F0FCFD00F0C000C02801D148
:10D9B40003236B75304601F0F3FD304601F0F0FDB2
:10D9C400304601F0EDFD9CE72846984797E712237F
:10D9D40058E700BF801A060019B40000CC5B002091
:10D9E400F8B500220D463A210646FFF78BFEE0B952
:10D9F400371D2C1D384601F0D3FD04F8010DA54256
:10DA0400F8D1B47C14B901242046F8BD307C01213E
:10DA140001F07AFDFF21384601F0E0FD384601F0BF
:10DA240093FD00232046B374F8BD1223B47C7374B1
:10DA3400002CE9D0341D307C012101F065FDFF216B
:10DA4400204601F0CBFD204601F07EFD00231C465C
:10DA5400B3742046F8BD00BF70B5164682B00022EC
:10DA64000446FFF74FFEB0B11B236374A07C08B9D2
:10DA740002B070BD251D207C012101F045FDFF2170
:10DA8400284601F0ABFD284601F05EFD0023184650
:10DA9400A37402B070BD0546102231462046FFF73C
:10DAA40087FD0028E2D0A67C002EE1D0207C012155
:10DAB40001F02AFD201DFF21019001F08FFD019846
:10DAC40001F042FD3046A57402B070BD0368254ADA
:10DAD400DB6C934200B585B00FD16A460921FFF78C
:10DAE400BBFF38B19DF8003013F0C00308D0402BC1
:10DAF40027D0002005B05DF804FB69469847F0E79D
:10DB04009DF809309DF80A2003F003039DF80610E0
:10DB14009DF807005B0001F0030180009DF808C038
:10DB240043EAD2139DF8052040EA812002F00F0257
:10DB340040EA9C1013440130073B984005B05DF85F
:10DB440004FB9DF809009DF8073001309DF808207A
:10DB540003F03F0300EB034000EB0220800205B01A
:10DB64005DF804FBF9BE000003680A4630B59B6DFE
:10DB740083B0164D0446AB4224D1407D03284FF0B8
:10DB84001201204618BF5202FFF7BCFD20B9012341
:10DB94001846E37403B030BD0C23A07C63740028E2
:10DBA400F8D0251D207C012101F0AEFCFF21284680
:10DBB40001F014FD284601F0C7FC00231846A374A5
:10DBC40003B030BD01919847019AD7E719B400001A
:10DBD400F8B51446C27C06460D46012A1F4602D1FA
:10DBE40083698B4205D029463046FFF7BDFF80B1DB
:10DBF400B56187B1002501E0AF420CD021464FF456
:10DC040000723046013504F50074FFF7D1FC00289A
:10DC1400F2D10020F8BDB369307F3B44B3610028E2
:10DC2400F8D13046BDE8F840FFF708BD2DE9F84FBC
:10DC34009B46C37C06460C46012B1546DDF828900E
:10DC4400DDF82C8002D183698B4205D02146304611
:10DC5400FFF78AFFB0B1B461BBF1000F15D004EB3C
:10DC64000B0A02E0C847A2450FD04FF400722946C0
:10DC74003046FFF79DFC07464246204629460134BC
:10DC8400002FEFD10020BDE8F88FB369307F5B44EB
:10DC9400B3610028F7D13046BDE8F84FFFF7CEBC9A
:10DCA40003682DE9F0415F69164B9F421FD1C37C85
:10DCB40004460D461646012B02D18369994205D0CC
:10DCC40029462046FFF750FF70B1A5614FF400725A
:10DCD40031462046FFF76CFC30B1A369207F013345
:10DCE400A36148B1BDE8F0810020BDE8F081BC46E5
:10DCF4000123BDE8F04160472046BDE8F041FFF74D
:10DD04009DBC00BF41BC000003680A4630B59B6D52
:10DD140083B0164D0446AB4224D1407D03284FF016
:10DD24001901204618BF5202FFF7ECFC20B9022368
:10DD34000120E37403B030BD0E23A07C637400287B
:10DD4400F8D0251D207C012101F0DEFBFF212846AF
:10DD540001F044FC284601F0F7FB00231846A374A5
:10DD640003B030BD01919847019AD7E719B4000078
:10DD740003682DE9F043DB6C1746414A85B004463D
:10DD84000E46934245D16A460921FFF765FE0546D2
:10DD9400B5B19DF80A305A0618D5637D032B01D01E
:10DDA40076027F02324620212046FFF7ABFC28B9D9
:10DDB4003A4621212046FFF7A5FC70B3262363745D
:10DDC400A57C9DB9284605B0BDE8F08303F03F0368
:10DDD4009DF80B205B0043EAD2137A1C32431342B2
:10DDE400DBD02723A57C6374002DEBD0251D207C7C
:10DDF400012101F089FBFF21284601F0EFFB2846B1
:10DE040001F0A2FB00231D46A374284605B0BDE81B
:10DE1400F083694698470546BAE70246262120461C
:10DE2400FFF770FC0028C9D1DFF8588042F2107760
:10DE340004F10409D8F800301F44BFB204E0D8F854
:10DE44000030FB1A1B0417D4484601F0A9FBFF2835
:10DE54000646F4D1A37C002BB4D00121207C1D46BE
:10DE640001F052FB3146484601F0B8FB484601F048
:10DE74006BFB0023A374A5E728236374A0E700BF0A
:10DE8400F9BE0000CC5B002070B5002282B00E46C3
:10DE940009210446FFF736FCB0B11B236374A07C50
:10DEA40008B902B070BD251D207C012101F02CFBB6
:10DEB400FF21284601F092FB284601F045FB002390
:10DEC4001846A37402B070BD0546102231462046A0
:10DED400FFF76EFB0028E2D0A67C002EE1D0207C68
:10DEE400012101F011FB201DFF21019001F076FBBF
:10DEF400019801F029FB3046A57402B070BD00BF43
:10DF040070B5002282B00E460A210446FFF7FAFBE0
:10DF1400B0B11B236374A07C08B902B070BD251D89
:10DF2400207C012101F0F0FAFF21284601F056FB84
:10DF3400284601F009FB00231846A37402B070BD03
:10DF44000546102231462046FFF732FB0028E2D076
:10DF5400A67C002EE1D0207C012101F0D5FA201D01
:10DF6400FF21019001F03AFB019801F0EDFA3046EF
:10DF7400A57402B070BD00BF70B5051D16460446F9
:10DF8400284601F02BFB4FF400723146284601F07D
:10DF94002FFBFF21284601F021FBFF21284601F039
:10DFA4001DFB284601F0FCFA00F01F032075052B29
:10DFB40004D02023A07C637410B970BD012070BD0F
:10DFC400207C012101F0A0FAFF21284601F006FB84
:10DFD400284601F0B9FA00231846A37470BD00BFA7
:10DFE4002DE9F041174D06460F4600F104082C6850
:10DFF40004F51674A4B203E02B68E31A1B040CD4D2
:10E00400404601F0CDFAFF28F6D13A46FC213046CD
:10E01400FFF7B2FF18B1BDE8F08124237374B07C1C
:10E024000028F8D0307C012101F06EFAFF2140462F
:10E0340001F0D4FA404601F087FA00231846B3747D
:10E04400BDE8F081CC5B0020036870B59B6D16467B
:10E05400224A82B004460D4693423CD1407D0328B7
:10E064004FF01801204618BF6D022A46FFF74AFBFD
:10E074000546B0B10D236374A07C08B902B070BD2D
:10E08400251D207C012101F03FFAFF21284601F0E3
:10E09400A5FA284601F058FA00231846A37402B0E2
:10E0A40070BD3246FE212046FFF766FF0028E3D00C
:10E0B400A67C002EE2D0207C012101F025FA201D4F
:10E0C400FF21019001F08AFA019801F03DFA3046EF
:10E0D400A57402B070BD9847C1E700BF19B4000031
:10E0E40010B4047F34B104680123A46AA4465DF823
:10E0F400044B60475DF8044BFFF7A6BF10B584B02E
:10E1040004460DF1040C8CE80E009CE80E00FFF7A9
:10E114006DFB20B19DF8053003F00103237704B0B3
:10E1240010BD00BF002070470020704700207047DA
:10E13400704700BF084B0021084A094810B499638E
:10E144001C6B146012685DF8044B1A639A6C22F01D
:10E1540081029A640170704700002C409C290020C1
:10E1640086790020034B586A80F08070C0F3006009
:10E17400704700BF00002C40014B1878704700BF67
:10E18400867900202B4A2C4B526AD3F800312B4954
:10E19400C2F3C22203F03F03013270B5284C4FF49E
:10E1A4007A75A4FB034305FB00F09B08B1FBF3FE67
:10E1B400BEFBF2FEB0EB1E1F35D201231E465B00F0
:10E1C4001A01BEFBF2F2824201D9FF2BF6D9BEFB43
:10E1D400F3F2360290422AD24FEA430C012200E0C5
:10E1E400A446154603EB0C040132BEFBFCF181424C
:10E1F40017D9102AF4D1F0254FF47A731149124A31
:10E2040003FB0CFCBEFBFCF30B60104BD16A0B4010
:10E214002B43334343F46023D362536A1B07FCD577
:10E2240070BD2D01E8E7724600260123D2E79C4623
:10E234000025E1E700C00F4000800D4000EC695E5E
:10E24400ABAAAAAA5C29002000002C400F00F0FF12
:10E25400014B1878704700BFF61F0020014B186867
:10E26400704700BF9C29002010B4074C8C460FCC8B
:10E27400CCF800000120CCF80410CCF80820CCF82D
:10E284000C305DF8044B70477029002010B4074C23
:10E294008C460FCCCCF800000120CCF80410CCF84C
:10E2A4000820CCF80C305DF8044B7047802900201E
:10E2B400024B01201B680B60704700BF90290020AF
:10E2C400704700BF10B504460C2102F05FFB2046E6
:10E2D40010BD00BF044B1B7823B1044B18780230E7
:10E2E400C0B27047012070478379002084790020F0
:10E2F400184B1A7812F0C0020FD0402A01D0002027
:10E304007047587ADA79197A013002F03F0300EB4A
:10E31400034000EB0120800270475A7A9979D8793A
:10E3240002F0030293F808C001F0030180005200D8
:10E3340040EA812000B593F80AE040EA9C105B793A
:10E3440042EADE12013003F00F031344073B984006
:10E354005DF804FB80290020404A0520404938B577
:10E36400D2F800413F4B44F080043F4DC2F80041D5
:10E37400D2F8004124F03F04C2F80041D2F8004131
:10E3840044F01804C2F80041D2F8004124F080049B
:10E39400C2F80041D3F8802042F00C02C3F8802078
:10E3A4005A6A22F460525A62DA6942F48032DA61BB
:10E3B4005A6A42F400625A62C1F8CC01C1F8D00131
:10E3C400C1F8BC01C1F8C001C1F8C401C1F8C80159
:10E3D400AA6C264B42F00042AA64EA6A1343EB6239
:10E3E400EC6A14F08074FBD14FF4C870FFF7CAFED6
:10E3F4001B4B47F2B80241F2B801C3F8CC411C48A8
:10E40400C3F8D041C3F8BC41C3F8C041C3F8C44108
:10E41400C3F8C841C3F8BC23C3F8C023C3F8AC2372
:10E42400C3F8B013C3F8B4231249C3F8B823124B8A
:10E434006863C1F8F8314FF0E0234FF480420F498C
:10E44400602081F86E00C3F80C21EB6A064A43F0A1
:10E454000063EB62D36A1B01FCD438BD00800D401D
:10E4640000801F4000C00F4000002C4000800001CD
:10E474000B007F1100200020A5C1000000E400E093
:10E484002DE9F04102F040F9174E184D0746DFF828
:10E49400748004E002F038F9C01B40451BD8346B8B
:10E4A4002C40F7D0124A0021124B1170326B1A60C3
:10E4B4001968114A31631B68134209D00F491F249C
:10E4C4000F4B40F27A2200200C701A60BDE8F081F4
:10E4D4000120BDE8F081064A064B1470326B1A60C5
:10E4E4001B683363EAE700BF00002C4002007F1181
:10E4F400857900209C29002000007F11F61F002050
:10E504006029002040420F002DE9F843264C0F46B5
:10E514002378002B38D1254B5A6AD2052BD5234DAD
:10E52400DFF89480AB6A43F48033AB6202F0ECF81A
:10E53400064604E002F0E8F8801B40452AD86B6ADE
:10E5440013F48069F6D007F13C0C184807F50F77EF
:10E55400436A5B05FCD5ACF1400353F8042F9C459A
:10E564000262FAD10CF1400CBC45F1D101231846EA
:10E574002370BDE8F8839A6A22F480329A629A6A18
:10E5840042F400329A62CAE7FFF77AFF0028C2D148
:10E59400BDE8F88306492124064B4FF47E724846B1
:10E5A4000C701A60BDE8F8838579002000002C40C7
:10E5B400F61F00206029002040420F002DE9F041A1
:10E5C400074688461F4C02F09FF81F4E054604E09C
:10E5D40002F09AF8431BB34224D8636AD907F7D4EC
:10E5E400BB02C4F8088020D427F0FF03154C174E53
:10E5F400E36002F089F8144F054604E002F084F861
:10E60400401BB8420ED8236B3342F7D0226B104B19
:10E614001A601A6822631A68D20703D51B6813F4B8
:10E62400702F0BD00020BDE8F081A26CFBB222F069
:10E63400FF02A264A26C1343A364D5E70120BDE8E2
:10E64400F08100BF00002C4040420F0001000F0089
:10E654009C290020154B30B50D4685B01968FFF78D
:10E66400ADFF08B3124B05F10F041A690092596902
:10E67400019199690291DB690393002301E05EF83B
:10E68400102C03F0030C01334FEACC0C23F0030EDF
:10E694000F2B22FA0CF20EF1100104F8012D0DEBF0
:10E6A400010EECD10023EB7305B030BD942900209A
:10E6B40000002C4010B5037ADB0705D5154B1B6809
:10E6C400B3B1BDE810401847134B1B783BB9134B4B
:10E6D4005C6A84F08074C4F30064204610BD0F4B60
:10E6E4000F4C1B6B1C40B4FA84F46409204610BD23
:10E6F4000C4B1C78002CF0D00B4B0C481968FFF71E
:10E704005DFF0028E9D0054B1C6984F48074C4F3D0
:10E714000024E2E7982900208579002000002C409D
:10E7240002007F11827900209429002000001A0D34
:10E7340008B5044B04481968FFF740FF08B1034BC0
:10E74400186908BD9429002000001A0D00002C400F
:10E7540008B5074B07481968FFF730FF30B1064B7F
:10E76400186980F48070C0F3002008BD012008BD42
:10E774009429002000001A0D00002C402DE9F047D8
:10E78400294B8946DFF8C0A0284ECAF8003001F0B2
:10E79400BBFF274D0446DFF8B480264F06E001F0A6
:10E7A400B3FF001BB84229D803F0A6FA3168284603
:10E7B400FFF704FF0028F2D0D8F81030DB05EED5BF
:10E7C40000234FF40072CAF80030D8F8283023F43C
:10E7D4008033C8F82830184BC8F804201B78CBB114
:10E7E40049461648FFF7EAFE30B915490E24154B81
:10E7F40040F257420C701A60BDE8F087104A0A21B3
:10E804000020104B117040F24B42CAF800001A600D
:10E81400BDE8F0874FEA492908484946FFF7CEFE8C
:10E824000028E9D1E1E700BFC1C700009429002016
:10E8340000001A0D40420F008479002020003A198C
:10E84400F61F0020602900209829002000002C4099
:10E854002DE9F041254C00212548A36A23F4803397
:10E86400A362FFF7ABFE054648B922490920224BB3
:10E8740040F23D2208701A602846BDE8F0811F4B23
:10E88400DFF88080C8F8003001F03EFF636A064676
:10E89400D80118D41A4F04E003F02EFA636AD901A0
:10E8A40011D401F031FF831BBB42F5D9114A0A216F
:10E8B4000025114B11704FF410722846C8F800500F
:10E8C4001A60BDE8F0810022084BC8F800205A6A9B
:10E8D4009207D1D5586B9A6AD96A22F4803241F0F2
:10E8E4008061D96258639A62C6E700BF00002C4079
:10E8F4000000DB0CF61F002060290020D5C10000B9
:10E9040040420F00982900202DE9F04782468946AD
:10E91400364E01F0F9FE364D0446DFF80081354FDE
:10E9240004E001F0F1FE031BBB4227D831682846FE
:10E93400FFF744FE0028F4D0D8F81030DA05F0D5FB
:10E9440001232D4D2D4F51462B7000232C483B6045
:10E954002C4BC8F80090C8F804302B4BC8F838305A
:10E96400FFF72CFE0446A0B928490420284B40F2A6
:10E974009F12087020461A60BDE8F08723490A20D8
:10E98400234B4FF4CC72002408701A602046BDE873
:10E99400F087204BDFF88890C9F8003001F0B4FE0E
:10E9A4002B780646BBB1DFF84C8003E003F0A4F9F2
:10E9B4002B7883B101F0A8FE831B4345F6D90023CD
:10E9C400C9F8003011492520114B4FF4D1720024AD
:10E9D40008701A60DAE73B6800229B07C9F8002038
:10E9E400F0D53A680C4B1A42D0D0EBE794290020BA
:10E9F40000001A0D40420F00867900209C29002057
:10EA040011003A064000010002007F11F61F0020A9
:10EA140060290020E9C1000000007F1100002C40A3
:10EA2400982900202DE9F041324D1446AB7A13F0B9
:10EA3400400012D103F03F03EA7A5B0043EAD213A9
:10EA4400621C0A43134208D02B4927242B4B40F263
:10EA540002320C701A60BDE8F081294B1B780BB9A7
:10EA6400490264022748FFF7A9FD40B922490F244F
:10EA7400224B40F20A320C701A60BDE8F081214644
:10EA84002148FFF79BFD40B91B4910241B4B40F262
:10EA94000D320C701A60BDE8F08100211B48FFF7AD
:10EAA4008DFD38B914491124144B4FF444720C7081
:10EAB4001A60E2E701F028FE154E164D0446DFF811
:10EAC4005C80154F31682846FFF778FD18B1D8F8F7
:10EAD4001030DB05D1D401F017FE001BB842F1D988
:10EAE40005492824054B40F2133200200C701A60AB
:10EAF400C3E700BF80290020F61F00206029002002
:10EB04008479002000001A2000001A2100001B262E
:10EB14009429002000001A0D40420F0000002C40F0
:10EB24002DE9F04F12F0030483B018BF01240190C3
:10EB34000093002B08BF44F001045CB14049252038
:10EB4400404B40F2F512002408701A60204603B0CE
:10EB5400BDE8F08F3C4B15463C4A0E46DFF80C915D
:10EB6400136001F0D1FDDFF808810746DFF804B136
:10EB7400DFF8F0A006E001F0C7FDC01B504544D803
:10EB840003F0BAF8D9F800104046FFF717FD002843
:10EB9400F1D0DBF81030DA05EDD5009A2C4B2B4977
:10EBA40003EA024300222B4F0A6043F4007301215D
:10EBB400DFF8C4803970C8F80020CBF80050CBF8D7
:10EBC4000430254BCBF83830244B1B7843B3314603
:10EBD4000198FFF7F3FC81460028B7D0204B1B4A6D
:10EBE400136001F091FD3B780546DBB11D4E03E057
:10EBF40003F082F83B78ABB101F086FD401BB042D4
:10EC0400F6D90023114A1360A0E70D4B0A22002114
:10EC14000E481A704FF4FC720A4B01601A6095E7B3
:10EC24007602D4E70023094A1360D8F800309B0722
:10EC34008CD5D8F800200C4B1A4208BF4C4685E707
:10EC4400F61F002060290020C1C700009829002079
:10EC54000000FF1F8679002002007F1184790020C4
:10EC6400E9C1000040420F0000007F1194290020F8
:10EC740000001A0D00002C409C290020F8B506461F
:10EC8400007A0C461546C0071F4613D483B10F44BF
:10EC940001E0BC420CD033682A46214630461B6949
:10ECA400013405F5007598470028F2D10020F8BD1D
:10ECB4000120F8BD900712D0002BF9D00F4401E0D9
:10ECC400BC42F5D033682A46214630461B690134DC
:10ECD40005F5007598470028F2D10020E7E70648BB
:10ECE400FFF71EFF0028E3D104490C24044B40F233
:10ECF400A1320C701A60F8BD37003A12F61F0020DA
:10ED040060290020F8B50646007A0C461546C0076F
:10ED14001F4613D483B10F4401E0BC420CD03368C6
:10ED24002A46214630465B6A013405F5007598474A
:10ED34000028F2D10020F8BD0120F8BD900712D0C0
:10ED4400002BF9D00F4401E0BC42F5D033682A46C9
:10ED5400214630465B6A013405F500759847002862
:10ED6400F2D10020E7E70648FFF7DAFE0028E3D1F6
:10ED740004490E24044B40F23D420C701A60F8BD65
:10ED840027003A19F61F0020602900202DE9F04FD2
:10ED94000025DFF8C0929B4C91B0DFF8BC829A4EFC
:10EDA4000172457289F80050257088F8005035705A
:10EDB400FFF7D2FA29462846FFF700FC50B9012193
:10EDC400924B40F28E22054621701A60284611B0FB
:10EDD400BDE8F08F03258E4F4FF4D5713846FFF709
:10EDE400EDFB00284ED1013DF6D13378002B3DD008
:10EDF400DFF868B201F088FC864E0546DFF860A2B1
:10EE0400854F00213046FFF7D9FB50B90025172163
:10EE14007E4B4FF42A72284621701A6011B0BDE867
:10EE2400F08F59465046FFF7C9FB0028EED001F099
:10EE34006BFC401B794BB842E8D81A69002AE0DA27
:10EE44001969774A11601B695A0002D5012388F8B1
:10EE5400003000217348FFF7B1FB054610BB0221C7
:10EE64006A4B40F2B12221701A60AFE7FFF774FADF
:10EE740029462846FFF7A2FB3378002BB8D14FF47C
:10EE8400401BB7E7654B1B69B3F5D57F07D0062157
:10EE94005E4B4FF42572002521701A6096E701231A
:10EEA4003370A5E700216048FFF788FB054630B9B9
:10EEB4000321564B4FF42D7221701A6086E7574E8A
:10EEC4005A4B32695A4F13405A495B483B60FFF72B
:10EED400C1FB054630B907214C4B40F2B9222170E1
:10EEE4001A6073E755495648FFF7B4FB054630B935
:10EEF4000821464B4FF42F7221701A6066E7396877
:10EF04005048FFF75BFB054630B905213F4B40F203
:10EF1400BF2221701A6059E739683E48FFF74EFB5B
:10EF240038B91421394B40F2C322002521701A60EC
:10EF34004CE702214448FFF741FB05460028F0D086
:10EF4400B36A69466FF07F4023F00603B362B36A85
:10EF540043F00203B3624FF010137364FFF7D4FC61
:10EF64009DF80D309B0743D5002841D0274E6946B4
:10EF7400364894F800803768FFF7C6FC9DF81030D7
:10EF840003F00F03012B36D1A8B34CF25030304CB0
:10EF94000523C4F8CC31C4F8D031C4F8BC31C4F86A
:10EFA400C031C4F8C431C4F8C831FFF7EBF800230A
:10EFB40047F2B802C4F8CC31C4F8D031C4F8BC313B
:10EFC400C4F8C031C4F8C431C4F8C83141F2B8033C
:10EFD400C4F8BC23C4F8C023C4F8AC23C4F8B033C9
:10EFE4000123C4F8B423C4F8B82389F80030EDE64B
:10EFF40046F2A810CBE746F2A81084F800803760E8
:10F00400C5E700BFF61F0020837900206029002097
:10F0140000001A0800001A3740420F0000002C407C
:10F02400902900200000090200001A030000FFFFDD
:10F03400942900208029002000000909702900205B
:10F044000000090A00001B0700001A06F1FFFF80F8
:10F0540000801F4082790020847900200000304025
:10F0640000000229374B5A6A92052DE9F0410F46F8
:10F074000DD49A6A22F480329A6272B69A6A42F481
:10F0840000329A629A6A42F480329A6262B601F05D
:10F094003BFB2C4EDFF8C480054604E001F034FB52
:10F0A400431B434537D8746A14F40064F6D007F15F
:10F0B4003C0C244807F50F77436A1B05FCD5ACF1DB
:10F0C4004003026A43F8042F9C45FAD10CF1400C2A
:10F0D4006745F1D101F018FB1A4F1B4D0646DFF8C6
:10F0E4007C8004E001F010FB831B43451DD83C6B7E
:10F0F4002C40F7D03B6B154A136013683B631368CD
:10F1040013F002031BD01268114B1A420CBF0120EA
:10F114000020BDE8F0810F491A250F4B40F256320A
:10F1240020460D701A60BDE8F0810A491D250A4B7E
:10F1340040F2613220460D701A60BDE8F081184635
:10F14400BDE8F08100002C4002007F119C290020C2
:10F1540000007F11F61F00206029002040420F00AC
:10F164002DE9F047294B8946DFF8C0A0284ECAF89C
:10F17400003001F0C9FA274D0446DFF8B480264F69
:10F1840006E001F0C1FA001BB84229D802F0B4FD30
:10F1940031682846FFF712FA0028F2D0D8F8103068
:10F1A400DB05EED500234FF40072CAF80030D8F81E
:10F1B400283043F48033C8F82830184BC8F80420AA
:10F1C4001B78CBB149461648FFF7F8F930B9154911
:10F1D4000C24154B40F2BD320C701A60BDE8F08768
:10F1E400104A0A210020104B117040F2B132CAF8C3
:10F1F40000001A60BDE8F0874FEA492908484946EB
:10F20400FFF7DCF90028E9D1E1E700BFC1C700003E
:10F214009429002000001A0D40420F008479002038
:10F2240030003A12F61F002060290020982900209F
:10F2340000002C402DE9F04100221D4C0D46427285
:10F244001146A36A1B4823F48033A362FFF7B6F97F
:10F2540040B919490924194B40F2D3320C701A6091
:10F26400BDE8F081002DFBD0154B164E336001F044
:10F274004BFA636A0746DA0116D4DFF84C8004E0DF
:10F2840002F03AFD636ADB010ED401F03DFAC01BC3
:10F294004045F5D9084A0A210020084B117040F274
:10F2A400D73230601A60DBE7002328463360D7E7A3
:10F2B40000002C400000DB0CF61F00206029002019
:10F2C400D5C100009829002040420F000A4B1B784A
:10F2D40010B504461BB9637A43B9012010BDFFF78A
:10F2E400CFF80028FAD0637A002BF6D0204601210B
:10F2F400BDE81040FFF79EBF857900202DE9F0415D
:10F304000446007AADF5007D164610F0010513D0D1
:10F3140093073CD0012338486A46FFF701FC0028D4
:10F324003AD04FF400726946304601F093FA284609
:10F334000DF5007DBDE8F081DFF8CC800F4698F82C
:10F344000030002B35D1637A012B39D022682B4948
:10F35400126A8A424AD198F80020002A34D1002B3C
:10F3640039D139462046FFF7FBFEE8B10123676037
:10F37400637231462046FFF775FEA8B163680546FF
:10F384000133284663600DF5007DBDE8F08101235B
:10F394001948FFF7C5FB38B919490B20194B4FF42D
:10F3A4005D72002508701A6028460DF5007DBDE8E1
:10F3B400F081FFF765F80028F6D0637A012BC5D1F8
:10F3C4006268BA42C2D1D4E7FFF75AF80028EBD0FA
:10F3D400637A002BC5D001212046FFF72BFF0028BC
:10F3E400BFD128460DF5007DBDE8F0812046904749
:10F3F4000028F6D0B5E700BF11003A113DD3000054
:10F40400F61F002060290020857900202DE9F041B5
:10F41400047AADF5007D0F46904614F001041DD02A
:10F4240012F0030F06D0684611464FF4007280466E
:10F4340001F010FA0123424639462C48FFF770FBCD
:10F44400044630B92A490D202A4B40F21142087073
:10F454001A6020460DF5007DBDE8F081264D064674
:10F464002B782BBB737A022B29D032682349126A7A
:10F474008A4236D12A7832BB002B2BD133683946E5
:10F4840030461B6E98470028E3D0022377607372DE
:10F49400336841463046DB6D98470028D9D07368FD
:10F4A40004460133204673600DF5007DBDE8F0810C
:10F4B400FEF7E6FF0028CCD0737A022BD5D1726810
:10F4C400BA42D2D1E4E7FEF7DBFF0028C1D0737A59
:10F4D400002BD3D001213046FFF7ACFE0028B8D072
:10F4E400CCE7304690470028B3D0C7E701003A186C
:10F4F400F61F002060290020857900203DD30000FC
:10F50400012101F067B900BF01F028B908B503462D
:10F5140053F8040B93E80600F3F7A4FD08BD00BFFD
:10F5240084B00DF1100C0CE90E00024623B118460C
:10F53400136004B0F8F7DEBC024B1846136004B045
:10F54400F8F7D8BCBC1A00200268D37C13B3D807E0
:10F5540004D5906A4FF0E021C1F80001990704D561
:10F56400D06A4FF0E021C1F80401580704D5106BAC
:10F574004FF0E021C1F80801190704D5506B4FF092
:10F58400E021C1F80C01DB0604D5926B4FF0E023B7
:10F59400C3F81021704700BF0068F8F7C9BD00BF69
:10F5A4000268FF2312685366D36D13F4F81FFBD06F
:10F5B400506FC0B2704700BF30B50C4683B00546EB
:10F5C400FF212046019203F045FE2868019B224654
:10F5D4002146F8F7A9FD002003B030BD03681A687E
:10F5E4005166D36D13F4F81FFBD0536F704700BFFF
:10F5F400531EB3F5007F30B51446ADF5017D0546C5
:10F6040011D36AB10368481E1968821810F8013FC3
:10F614004B66CB6D13F4F81FFBD090424B6FF5D1C2
:10F624000DF5017D30BD684601F014F96A462346A4
:10F6340028681146F8F778FD0DF5017D30BD00BF4F
:10F6440030B5037883B0DC071DD50446406804F167
:10F6540010020368E16801925B6A9847019A0546C3
:10F66400A8B12378990708D56068D4E90231194410
:10F6740003685B6A984750B1237823F00103284656
:10F68400237003B030BD0125284603B030BD0025EA
:10F69400284603B030BD00BFF8B543680BB3C36858
:10F6A40004460F4615468B4206D110F8103B05F070
:10F6B40003052B432370F8BDFFF7C2FF88B16B0726
:10F6C40005D504F1100630460023E760EFE76068D3
:10F6D40004F110063946036832461B69984700282E
:10F6E400F1D10020F8BD00BF4FF0000C024B82F8AE
:10F6F40000C01B68184700BFA4290020024A034920
:10F70400034B116018607047A029002059D70000EE
:10F71400A429002010B50446808982B018B10023C2
:10F72400A38102B010BDD4E901318B42F9D201AA00
:10F73400184600F0B7F880B1019B6060B3F5803FD4
:10F7440001D298B2EDE7980AC3F30903A0F521505A
:10F75400A3F5105380B2A381E3E74FF6FF70E0E70F
:10F76400B1F5807F21D810292ED840234FF0200CEA
:10F77400B2FBF3F1B1F5806F20D203FB112300B586
:10F78400B2FBFCFEB3FBFCF30CFB1E224FEA910C14
:10F79400DBB201322CF03F0CC9B2037042EA0C0216
:10F7A4008170D2B242705DF804FB3F239C468029ED
:10F7B40010D9B1F5FC7F0FD81B01D9E7FF21FE2337
:10F7C4004170037081707047202916D880234FF050
:10F7D400200CCDE7DB00CBE7B1F57C7F04D9B1F594
:10F7E400FC6F03D89B01C3E75B01C1E7B1F57C6FF4
:10F7F40094BFDB01C3EB0323BAE720239C46D6E77F
:10F804007F28A2EB010205D812B10A4602F8010BC7
:10F8140010467047B0F5006F0FD2012A40D94FEA65
:10F82400901C00F03F030A466CF03F0063F07F0336
:10F8340002F8020B10464B707047B0F5803F16D2A9
:10F84400022A2DD9C0F3851C00F03F03CA1C63F0C3
:10F854007F0300B54FEA103E6CF07F008B706EF0B2
:10F864001F0E4870104681F800E05DF804FB032A7F
:10F8740016D94FEA904CC0F30532C0F3851300F05B
:10F884003F0062F07F026CF00F0C63F07F0360F0C6
:10F894007F004A700A1DC87081F800C08B70B7E7FA
:10F8A4000022B5E788423DD2034610B490F9000027
:10F8B4001C7800282DDA04F0E000C02834D004F0CD
:10F8C400F000E02834D004F0F800F02826D104F049
:10F8D400070404201844884220D8013313F8011B7C
:10F8E40001F0C00C01F03F01BCF1800F41EA841427
:10F8F40014D18342F2D1A4F180010F4B99420DD867
:10F90400A4F55843B3F5006F08D314605DF8044BB5
:10F914007047581C14605DF8044B704700205DF874
:10F92400044B70470020704704F01F040220D1E705
:10F9340004F00F040320CDE77FFF10007E283ED99A
:10F944004FF0350C002330B4284C04E034F8212067
:10F95400824220D80B46ACEB0302012A03EB52018E
:10F96400F4D89BB234F82320904216D24B240023BF
:10F974001F4D04E035F8212082421ED80B46E21ABE
:10F98400012A03EB5201F5D89BB235F823208242B9
:10F994001FD030BC70478C46DDE704EB8304821A29
:10F9A400E3789A42E2DA94F90230012B16D0D3B10B
:10F9B4009BB2034430BC98B270470C46DFE7A0F119
:10F9C4006103192B8CBF00230123A0EB431398B2CE
:10F9D400704705EB8305688830BC704702F001026C
:10F9E400831A98B2D5E74EF2A033E2E7480E00201E
:10F9F40044070020EFF3108272B6437F5BB9017FA6
:10FA0400012930B40BD0032913D00123437702B961
:10FA140062B630BC70470AB962B670477047124C80
:10FA24002168B1B1114943610B6808608361586171
:10FA3400EBE70F4D0F492C688CB143610B68836170
:10FA440058614FF0E0234FF080540860C3F8044D30
:10FA5400DBE7064B20601860C0E90511D5E7C0E973
:10FA640005442860EDE700BFAC290020B829002038
:10FA7400B4290020B029002070B5EFF3108272B6CB
:10FA84000C4C206880B10C4E00254369236073B18F
:10FA94009D6102B962B6836845779847EFF3108297
:10FAA40072B620680028F0D102B962B670BD336026
:10FAB400EFE700BFB4290020B0290020FFF7DCBF26
:10FAC4000449054A4968054B1960136801331360FA
:10FAD400704700BF001000E0CC5B0020C85B002032
:10FAE400084602F075B800BF012A70B508BF0A22A3
:10FAF4008AB091B34FF0210E01E05FFA86FE0EF159
:10FB0400FF36B1FBF2F502FB15145FFA84FC092CF5
:10FB14000CF137040CF1300C98BF5FFA8CF40EF141
:10FB2400280C88BFE4B29142EC4429460CF8244CDA
:10FB3400E3D24BB10EF1FF3E2D225FFA8EFE0EF1A1
:10FB440028036B4403F8242C036801A9CEF1220294
:10FB54005B68714498470AB070BD30224FF0210EA3
:10FB64008DF82520E5E700BF2DE9F0410C46D1B121
:10FB7400EAB180468E1800250E4F04E002F028F802
:10FB8400B44205440CD0D8F8003014F8010B1B68BB
:10FB9400BB42F3D0014640469847B4420544F2D1F3
:10FBA4002846BDE8F0810D462846BDE8F08115469B
:10FBB400F6E700BF51DB00002DE9F0418C688AB004
:10FBC400DCB10025884606462F462B46212201A992
:10FBD400404600F085FB202C2246336828BF2022B3
:10FBE40001A930465B68A41A154498470744002CC1
:10FBF400EBD138460AB0BDE8F081274638460AB052
:10FC0400BDE8F081002903DB00230A22FFF76CBF63
:10FC140049422D230A22FFF767BF00BF00B50368DE
:10FC240083B040F60D2C022201A95B68ADF804C034
:10FC3400984703B05DF804FB5AB90368C9B2074A90
:10FC44001B68934200B506D108465DF804EB01F049
:10FC5400BFBFFFF749BF5DF804EB184751DB000055
:10FC64002DE9F04393B09DF868709DF86C90012FD6
:10FC740044D91C468046154652EA040339D041262D
:10FC840001E05FFA8CF6214628463A46002302F04A
:10FC940081FB5FFA82FC06F14802BCF1090F0CF10A
:10FCA40037030CF1300C6A44DBB298BF5FFA8CF373
:10FCB400BD4206F1FF3C054674F1000402F8443CE1
:10FCC4000C46DED2B9F1000F07D0013E2D22F6B268
:10FCD40006F148036B4403F8442CD8F8003001A91A
:10FCE400C6F1420240465B683144984713B0BDE810
:10FCF400F083302341268DF84530E3E7002013B02C
:10FD0400BDE8F08300000000B4EE400B70B5F1EEE6
:10FD140010FA05462DED028B86B07CD6B0EEC07B82
:10FD24009FED476BB4EE467BF1EE10FA6BDC9FED72
:10FD3400467BB4EEC70BF1EE10FA5ADC9FED447B20
:10FD4400B4EEC70BF1EE10FA53D4B5EEC00B0C466B
:10FD5400F1EE10FA5BD40023B6EE007B002C5ED0EB
:10FD64004FF0000C9FED3C6B0CF1010C27EE067B71
:10FD74005FFA8CF2A242F7D330EE070B0A22284630
:10FD8400FCEEC07BB8EE678B17EE901A30EE488B12
:10FD9400FFF7AAFE0F2C4FF02E03B2EE046B0646BB
:10FDA40028BF0F248DF808300DF1090302AA611E43
:10FDB40053FA81F128EE060BFCEEC07BCDED017AFF
:10FDC4009DF8043007EE903A3033B8EEE78B02F832
:10FDD400013F914230EE488BECD12B68013402A9EB
:10FDE40028465B68E2B29847304606B0BDEC028B09
:10FDF40070BD2B6803221A495B6806B0BDEC028B08
:10FE0400BDE870401847036803221649F4E7B1EED1
:10FE1400400B0123A0E7036803221349ECE730EE0B
:10FE2400070B0A222846FCEEC07B17EE901A06B098
:10FE3400BDEC028BBDE87040FFF756BEAFF3008007
:10FE4400FFFFFFFFFFFFEF7F000000E0FFFFEF4138
:10FE5400000000E0FFFFEFC19A9999999999B93F81
:10FE6400F80F0020F40F0020F00F002001F0A0BED6
:10FE740001F038BE2DE9F84F00278B4681469246A3
:10FE8400394603F1FF38174C174E00F00FF9256877
:10FE94000BE001F08DFE002810DA01F02DFF23683D
:10FEA400DBF808205B1B934215D2DBF800305B695A
:10FEB400B342EED0584698470028EEDB08D082457E
:10FEC40006D00137C1B2484600F0CEF94745DED925
:10FED4004846BDE8F88F012348468BF80C30BDE84E
:10FEE400F88F00BFCC5B0020DDDE00004D4A2DE919
:10FEF400F047A2FB004340F26D1A4B4F5B09DFF859
:10FF04003881DFF83891A2FB0342C3EB0314520992
:10FF1400A0EB8400454CC2EB02150870A3EB8503EB
:10FF2400A4FB025424094B70414B251D04EB4400EF
:10FF3400A2EBC002A3FB050300208A70EA1A03EBBC
:10FF4400520302469B08C3EBC303ED1ACD705FFA5C
:10FF540080FE40F26D1C0EF2B27313F0030507FB32
:10FF640003F608D1B8EBB60F4FF4B77C03D3B9EB63
:10FF7400361F38BFD446624401309442E7D20EF1B2
:10FF8400460E2C4E81F806E0A6FB030685B37709DE
:10FF94004FF0640C4FF4C870F6090CFB173700FBE4
:10FFA400163640F26D10A41A00230122DFF890E007
:10FFB40020440AE013F80E4084420ED80C2AA0EB29
:10FFC40004000BD001320133D2B2012B5FFA83FC5F
:10FFD400F0D145B9CFB11D2406E0624601304A7123
:10FFE4000871BDE8F0871C24A04218D3001BE9E780
:0CFFF40064207709F60900FB17374FF472
:02000004600199
:10000000C87000FB16363FB14FF4B770CDE7002E35
:1000100014BF1C241D24E9E7002EC4D14FF4B7708F
:10002000C3E70122DCE700BF89888888295C8FC28A
:10003000ABAAAAAA254992241F85EB51285C8F02FE
:100040000AD7A3001C0F0020884200DB704730B4A1
:10005000124C091A2368EBB1114A124D82FB032C92
:10006000DA179C44C2EB2C4244F2A71C05FB123366
:100070000D4D05FB02F20CFB0322002A0CDA6FF097
:10008000004313442360B3FBF1F201FB123330BC95
:1000900018447047054BF5E71346F3E76429002041
:1000A0005F0B4E831DF30100ECF4FFFF42CE0C1FEB
:1000B000F8B500260446C0E90066866029B1084606
:1000C0000D4603F0A7FB074608B92046F8BD0130EE
:1000D00002F0F6FA0028F8D0294606702060C4E93C
:1000E000017703F035FB2046F8BD00BFF8B5884224
:1000F0004FF0000504468560C0E9005502D08E68C7
:100100000F680EB92046F8BD701C02F0D9FA00281D
:10011000F8D0394605702060C4E9016603F018FB89
:100120002046F8BD10B50446006802F0D1FA20461A
:1001300010BD00BFF8B50446154632B9036803B1D7
:100140001A7000232046A360F8BD43680E469A4209
:100150001CD9511C006802F07FFD074660B1A368FE
:10016000C4E900050BB90370276831463846A5601D
:1001700003F0EEFA2046F8BD206810B102F0A8FAAC
:10018000276000232046C4E90133F8BD07683146E3
:10019000A560384603F0DCFAECE700BF10B5002399
:1001A0008AB00446084601A9A360C4E9003302F0FE
:1001B00071FA01A803F02EFB01A902462046FFF7C1
:1001C000B9FF20460AB010BD38B505460C4649B106
:1001D000084603F01FFB214602462846FFF7AAFF08
:1001E000284638BD2846A96038BD00BF2DE9F84330
:1001F000044600680D4616468842A36809D8C2180E
:10020000914206D20F1A4FF0010936B92046BDE8D7
:10021000F8834FF00009002EF8D003EB060862685F
:1002200090450CD908F1010102F016FD0028EDD02F
:10023000A368C4E9000813B903702068A368B9F182
:10024000000F08D12946184403F082FA2046C4F86A
:100250000880BDE8F8833246C119184400F0FCFA62
:100260002368002203F80820F0E700BF10B582B031
:100270000023044601228DF8041001A98DF80530F1
:10028000FFF7B4FF204602B010BD00BF10B5044612
:100290008A680968FFF7AAFF204610BD38B50546F1
:1002A00041B10C46084603F0B5FA024621462846FD
:1002B000FFF79CFF284638BD826808B50B463AB167
:1002C00061B1006803F0DAF8B0FA80F0400908BDC7
:1002D00031B11878B0FA80F0400908BD0368F8E73A
:1002E000012008BDC2B170B5B1FA81F60C4676099D
:1002F00019B185689D4201D80E7070BDED1A02F1EA
:10030000FF3C016820466545194428BF65462A46DA
:1003100003F03AF8665570BD704700BF2DE9F04113
:1003200007680646E7B18468D4B1B846454618F870
:10033000010B02F0DDFE0028F8D1013C3C4402E054
:10034000A54205D8013C207802F0D2FE0028F7D162
:10035000621CAF42A2EB0502B26004D30023BB547F
:100360003046BDE8F0813846294600F075FA376816
:10037000B268F3E7A249A34B88422DE9F047A24CAB
:100380005E699A69D4F80C801BD9A04B984240F260
:100390000281C31A9E491B0AA1FB031340F2276185
:1003A000DB0903EB830303EB830303F2E2438B429A
:1003B00028BF0B46A3F54877964BA3FB0737FF08EA
:1003C00004E0954FB8428CBF0E2706278D4908F0F0
:1003D0001F09D1F88030B94543F0C003C1F880301F
:1003E0000CD228F01F08A1F5F82148EA0708C1F847
:1003F0000C800B68002BFCDA08F01F0916F0007364
:1004000024D186490C698649A14300F0EA8082F430
:10041000805134464FF4805514F0605F04D026F0CC
:1004200060561E43774B5E6111F4405F07D022F4A3
:10043000405274492A438A618B6C1A07FCD446F0F7
:100440000076704A5661936C9B06FCD4754CA042B2
:1004500000F2CE804FF0010C0146634603FB01120F
:1004600003F1010E0CF10105A24218D8BEF1080FEC
:100470004FF0010340F08D80BCF1040F00F2918039
:100480000A18A24200F2A48005FB00F1AC4603F179
:10049000010E03FB01120CF10105A242E6D90CF199
:1004A000FF318C0286EA81215F4810445F4A904206
:1004B0007FD9DFF8A4A16C225D48584DB0FBFEF057
:1004C000D5F800E0B0FBFCF0DFF890C10EEA0C0CB0
:1004D000D44509D042F400524FF4805CC5F800C006
:1004E0002A602A68002AFCDA464A156905F00705E1
:1004F0009D4203D01361936CDD03FCD411F4E05FE3
:1005000009D026F4E05604F4E0543E4A26435661EE
:10051000936C9907FCD44749474A014491423CD81F
:10052000464BC909A3FB0131090B4B1E1B0286EA8E
:10053000030212F4407F06D026F4407603F44073A1
:10054000304A334353612F4A536923F00073536198
:10055000936C9B06FCD43A4B4F45A3FB00234FF012
:10056000FF324FEA9343B0FBF1F1B2FBF3F3354AAC
:100570001060354A1160354A136008D228F01F0810
:10058000214A48EA0707D7601368002BFCDABDE868
:10059000F087734662E7122718E74FF4407304218F
:1005A000C5E70CF1FF31204807238C02104486EA8E
:1005B0008121274ADFF8A8A0A2FB0020020D2548D0
:1005C000362A38BF362202FB00F042EA0A0A74E7F4
:1005D0004FEA8C24002386EA8C214FF0010EAC46B2
:1005E00062E71D4686F0C05411464FF0C05313E732
:1005F00000244FF0010C024631462346E64653E7FD
:1006000000A4781F00C00F40000008400046C3232C
:1006100023B24C001F85EB5100366E0100800D4067
:1006200040300080FFB19F26808D5B00FF7EF64D3D
:1006300000643F4D7FD1F0087F17B42C9F10E50078
:1006400083DE1B43B01A0020AC1A0020B85B0020E8
:10065000819F5E16001BB7006C2000807F300180F8
:100660000020008000B970472DE9F84F0121814634
:10067000214C224D224E54E8003F2A68306844E85D
:100680000013002BF7D11F494B684FF47A7BDFF83A
:1006900078A01B1A01270BFB02F8DAF80020A3FB55
:1006A00002325A4594BF9044D84454E8003F2A6827
:1006B000306844E80073002BF7D14B68DAF800C0CB
:1006C0001B1A0BFB02F2A3FB0C3CBCF57A7F94BF18
:1006D000624402F57A72A2EB0802B2F57A7F06D381
:1006E000B9F1010908F57A78DFD1BDE8F88F01F09A
:1006F00005FB0449D9E700BFD05B0020CC5B00209C
:10070000C85B0020001000E0B85B002030B40F4B45
:100710004FF0010C0E4D0F4C53E8002F2868216854
:1007200043E800C2002AF7D10B4B5B680B4A5B1A07
:100730004FF47A71126801FB00F0A3FB023230BC67
:100740008A4294BF80184018704700BFD05B0020D9
:10075000CC5B0020C85B0020001000E0B85B0020EC
:10076000362816D80201104B03EB00109B5810B42A
:10077000C2685C68144205D061B95DF8044BC3F8E7
:1007800088207047836851B1084A5DF8044B1A60AD
:10079000704770475DF8044BC3F884207047044AE3
:1007A0005DF8044B1A6070477814002038F001009F
:1007B0003830010036280BD8064B020103EB00103D
:1007C0009A58C36892681A4214BF012000207047EB
:1007D0000020704778140020362829D8164B0201D3
:1007E000012903EB00109A5810B45368C4680ED066
:1007F00004290CD023EA040353608368A9B10229B9
:1008000017D003290CBF0D4A0D4A1A6007E0234395
:1008100001295360836808D040F638021A604368A3
:1008200015225DF8044B1A60704738221A60F6E70B
:100830007047044A1A60F2E778140020383001004B
:100840003800010038F0010008B5F5F7B9FFF6F7F8
:10085000BDF901F053FAFAE7844641EA000313F0C8
:1008600003036DD1403A41D351F8043B40F8043BB7
:1008700051F8043B40F8043B51F8043B40F8043B7A
:1008800051F8043B40F8043B51F8043B40F8043B6A
:1008900051F8043B40F8043B51F8043B40F8043B5A
:1008A00051F8043B40F8043B51F8043B40F8043B4A
:1008B00051F8043B40F8043B51F8043B40F8043B3A
:1008C00051F8043B40F8043B51F8043B40F8043B2A
:1008D00051F8043B40F8043B51F8043B40F8043B1A
:1008E00051F8043B40F8043B403ABDD2303211D3BA
:1008F00051F8043B40F8043B51F8043B40F8043BFA
:1009000051F8043B40F8043B51F8043B40F8043BE9
:10091000103AEDD20C3205D351F8043B40F8043BB9
:10092000043AF9D2043208D0D2071CBF11F8013BB7
:1009300000F8013B01D30B8803806046704700BF7D
:10094000082A13D38B078DD010F003038AD0C3F18C
:100950000403D21ADB071CBF11F8013B00F8013B6E
:1009600080D331F8023B20F8023B7BE7043AD9D32D
:10097000013A11F8013B00F8013BF9D20B78037002
:100980004B7843708B7883706046704701F098BE57
:1009900001F09EBE01F1FF3C70B56646002400E008
:1009A0000134B0FBF2F502FB1503092B03F1370EFE
:1009B00003F130035FFA8EFE98BF5FFA83FE904228
:1009C000284606F801EFEBD2631C0022C818CA546F
:1009D0007CB162461CF8015F10F8016DA1EB0C03BD
:1009E00002328CF80060013B521A057023449A428F
:1009F000EFDB084670BD00BF074A506A936A19468C
:100A00008446506A936A9942F9D18445F7D1DB0B49
:100A100043EA4040704700BF00400D4072B6EFF31C
:100A20000583524CC4F884301EF0040F0CBFEFF362
:100A30000882EFF309824FF0E0234D4E4D4DD3F87D
:100A4000280DD3F82C1DC4E92201D3F8341DD3F8A6
:100A5000383DC4E924139369C4F89830D369C4F8C5
:100A60009C3000F0BFF884ED280AFFF7C5FF0B218A
:100A70004FF0FF32C4F8A4000B46C4F880103E4982
:100A8000301D5A40202402F00103013C01FB03F316
:100A900083EA5202F7D1A84202D073680646EFE714
:100AA000324BC3F8A820BFF34F8F4FF0E0233049FB
:100AB000324AC3F8701FC3F8702FBFF34F8FBFF3D4
:100AC0006F8F2F4A02252F48D36E2F4943F440538E
:100AD000D3660560D3692D4823F07F0343F04003BC
:100AE000D3610B6883423DD8264D00214FF0E023AF
:100AF0004FF0FF3229600126C5F808112449C5F8D6
:100B00000011C5F80861C3F88021C3F88421C3F837
:100B10008821C3F88C21C3F8902101E000F054F93A
:100B2000D5F80C31002BF9D00134C5F80C614F2CED
:100B3000F4D9184B022018494FF00042C1F8400187
:100B40005A63D5F80C313BB9144815490D4A016375
:100B5000D2F80C31002BFAD04FF0E023114AC3F841
:100B60000C2DFEE7FFF706FCBEE700BF00FF2720C5
:100B700080FF2720A8FF27202083B8EDA0FF272093
:100B800000C00F4000400840B01A0020803DCD0B4F
:100B9000009F240000900D4000002E4000800F4078
:100BA000F100AD0B0400FA050A490A6838B108B52E
:100BB00013180948834204D810460B6008BD10463C
:100BC000704702F025FC0C234FF0FF320360104603
:100BD00008BD00BF701B00200000282030BFFDE7CB
:100BE000FFF71CBF124AD2F880305B07FBD5D2F862
:100BF00080301048C3F30B230F4990ED007A07EEC5
:100C0000903A91ED006AB8EE477A0C4AF8EEE77A2E
:100C10000B4BD2ED006A77EEC77A93ED007AB8EE0F
:100C2000477A67EE867A87EEA60A37EE400A704763
:100C300000810D40A85B0020B05B0020B45B002069
:100C4000AC5B0020836BF0B41BB1536843F40043EA
:100C5000536072B6446B3CB31A4B2260D3F8B04178
:100C60000C421DD1184E776804E07468E41BB4F59B
:100C7000166F0BD2D3F8404144F48044C3F840418E
:100C8000D3F8B851D3F840416404EED50D4007D1F4
:100C90000C4CC0E90225D4F8B0310B43C4F8B03194
:100CA000426362B6F0BC7047064DC0E90224D5F835
:100CB000B0310B43C5F8B0310263426362B6F0BC99
:100CC000704700BF00002E40001000E070B5056BBB
:100CD0009DB106462A46002403E012680134012A29
:100CE0000CD0536813F08003F7D032632CB1284640
:100CF000B36B2D689847013CF9D170BDC6E90C3340
:100D0000F4E700BF30B4D9B91F4C204B0021204A72
:100D100001254FF0011099601D60C4E90231802463
:100D20005C60C2F8BC01D2F8B0311A482B43C2F85B
:100D3000B0310160D2F8B031002BFBD130BC70472C
:100D40000904154B104C012541F080019860104AB0
:100D5000596000F580511D60D96000F50051A36411
:100D6000196100F5405100F58040596100219861FA
:100D7000E164D2F8B03143F48033C2F8B031D2F834
:100D8000B031002BFBD1C0E700000020C0220020C2
:100D900000002E40D0590020E02200200849012206
:100DA0000B7802FA00F023EA0000087030B9054A17
:100DB000D2F8483123F08003C2F84831704700BFB1
:100DC0009579002000002E402DE9F04F974C83B01C
:100DD000D4F84471FB07C4F8447153D5D4F8AC215E
:100DE000002A4AD0924EDFF860A2DFF87492DFF852
:100DF00074B2DFF87482C4F8AC21D6E90A20D4F8C2
:100E0000403143F40053C4F84031D4F840319D04DC
:100E1000F5D5D4F8403123F40053C4F840314FF0F5
:100E20000113C4F8B431D4F8B45115F00115FAD156
:100E300093B28446CAF80050B3F5086F00F0CF8132
:100E400000F2DB8040F202318B4200F0E78100F2D9
:100E50009A80822B00F0CB81B3F5817F40F08A80AD
:100E600010F0780F83B200F003824FF00113C4F842
:100E7000C031D4F8AC21002ABDD16C4AD2F8BC31C3
:100E8000002B42D17E0616D5684BD3F8AC21C3F8AF
:100E9000AC21D3F8BC21C3F8BC21D3F8B041002C5D
:100EA000FBD14FF0FF32C3F8B421D3F8843100F006
:100EB00029FD604B1C60FC0103D55F4B1B6803B12F
:100EC0009847B80103D55D4B1B6803B19847790774
:100ED00008D5564BD3F8843113F4007347D0584BE0
:100EE00001221A70514BD3F848311A060AD53B0635
:100EF00008D5544A13782BB1013BDBB21370002B99
:100F000000F0728203B0BDE8F08F4F49C2F8BC31E7
:100F10000868034240F0D181464A14681C40B1D0B1
:100F20005FEA144810D0424E4FF0010998FAA8F534
:100F3000B5FA85F506EBC51009FA05F54030FFF75F
:100F4000C5FE38EA0508F1D1A4B2002C9AD0384E7B
:100F50004FF0010894FAA4F5B5FA85F506EBC51033
:100F600008FA05F5FFF7B2FEAC43F3D18AE7344A3D
:100F70001370B7E7802B7FF478AF344802210580E7
:100F8000FFF7C0FE75E7B3F5A06F00F00B81A3F586
:100F9000D063012B3FF669AF2D4B5D68002D3FF408
:100FA00064AF1FFA8CFC4FEA124E04E01D690C334B
:100FB000002D3FF45AAF1A887245F7D15A8862451E
:100FC000F4D14FEA1E22032A00F0A5811A89000CF1
:100FD000824228BF0246BEF5007F40F0A181184B37
:100FE0001C4918781C4B0192002818BF19461B4851
:100FF000FFF732FC194D019AE1E142F221218B42C7
:101000007CD033D942F221318B4200F081804FF6FF
:10101000C0018B427FF429AF10F47F4F83B27FF47D
:1010200024AF43F46E4363F30F0CB5E700002E408A
:1010300000000020D4590020D85E0020DC5E002093
:101040009B7900209C790020D0590020705B002003
:10105000FC180020C01E0060241F0060000020203B
:10106000C85900205DCFC6B8C0012E40B3F5106F3F
:1010700066D042F221018B427FF4F7AE030C072BBE
:101080007FF4F3AEB24BB349F560D960B249B360B7
:10109000C3F80890C1E9002001221A60AF4A5A60E3
:1010A000AF4A1A61D4F8B01141F00101C4F8B0118F
:1010B00002F5805102F5005259619A61D4F8B031BD
:1010C000002BFBD1A74AF36493600123B264136041
:1010D00048F2800353604FF00113C4F8BC31D4F8D8
:1010E000B03143F48033C4F8B0314FF48033CAF8E0
:1010F0000030D4F8B031002BFBD1BAE680B238B959
:10110000994BC2F307421968984B1960984B1A70B3
:10111000944B00229A60F2640122B3641A60802228
:101120005A604FF00113C4F8BC31D4F8B03143F425
:101130008033C4F8B031D4F8B031002BFBD198E63D
:10114000C2F307428B4B1A708B4BC4F8C8318B4BE0
:10115000C4F8CC318A4BC4F8D03100F0D5FB8022E2
:101160002946884802F078F8874B8022C6F8A0B05C
:10117000C6F8E0307B4BF5645A600122B3649D6091
:101180001A604FF00113C4F8BC31D4F8B03143F405
:101190008033C4F8B031CAF80050D4F8B031002B15
:1011A000FBD166E66F4B0121F564196080219D60DB
:1011B000B36459604FF00113C4F8BC31D4F8B031B6
:1011C00043F48033C4F8B031D4F8B031002BFBD1F4
:1011D000130C5B0643F08073C4F8543149E6654B49
:1011E00001216A481B780370FFF78CFD41E683B24A
:1011F00010F078007FF439AE03F07F0258F8221027
:10120000624A1080180600F19E80CB0701D50123A9
:10121000137002215D48FFF775FD2AE610F0780F84
:1012200083B27FF422AE03F07F0213F0800F58F8F0
:10123000223014BF43F4803343F0010348F82230D6
:101240000022484BF2649A600122B3641A60802243
:101250005A604FF00113C4F8BC31D4F8B03143F4F4
:101260008033C4F8B031D4F8B031002BFBD100E6A4
:1012700003F07F0213F0800F58F8223014BF23F4DC
:10128000803323F0010348F822300022354BF2640A
:101290009A600122B3641A6080225A604FF00113F1
:1012A000C4F8BC31D4F8B03143F48033C4F8B03161
:1012B000D4F8B031002BFBD1DBE5002008602649D3
:1012C0000C88486842F221018C427FF425AE80B23E
:1012D00000287FF421AE2E492E4C03C9A180862818
:1012E0004FEA11412060A1717FF416AE72B62A4810
:1012F000017841F008010170D2F848110D0605D4BB
:1013000080200143C2F84401C2F8481162B6234A62
:101310005021117000E6000C2A78824228BF024654
:10132000BEF5E06F44D11E4B1E4D18781E491F4B71
:101330000192002818BF19462846FFF78DFA0723A7
:101340006B70019A3BE0C9033FF561AF61E700BFF5
:10135000E0220020C86900208024002080000700CF
:10136000C8790020C0220020CC5B0020D45E002081
:10137000997900209A7900200200CC00C800020070
:101380000200C800800000201993D574705B002013
:10139000C8590020CC5E0020957900209C7900205F
:1013A0009B79002000002020241F0060C01E0060E8
:1013B0002946104D01922846FFF74EFA019A25F072
:1013C0001F031544BFF34F8F4FF0E021C1F8703F6A
:1013D00020339D42FAD8BFF34F8FBFF36F8F05487C
:1013E0001146FFF78FFC44E50320FFF7D7FC02F01E
:1013F00019FC00BF000020202DE9F0471F46831E86
:10140000022B01D9BDE8F087DFF84C9015460C4659
:101410003C2209EBC01806464FEAC01A002108F129
:101420000400240401F018FFB5FA85F201235209E3
:1014300044EA427449F80A40C8F83870C8F80830DD
:10144000002FDFD0034AB34011680B431360BDE89F
:10145000F08700BFD4590020000000202DE9F0479C
:101460000D46811E022901D9BDE8F087C701DFF8CA
:101470004C909246044640373C2200211E4609EB20
:1014800007082D0408F1040001F0E6FEBAFA8AF21A
:10149000520945EA427249F807200122C8F838602B
:1014A000C8F80820002EDFD0034B10341968A24082
:1014B0000A431A60BDE8F087D459002000000020DC
:1014C00012048160C36101F5405342F0800210B400
:1014D0000124426001F50052046001F5805401F5D9
:1014E0008041C46081615DF8044BC0E9042370470A
:1014F000831E0A46022B00D97047064B00F11001EB
:101500004FF0010C03EBC0100CFA01F14030FFF773
:1015100099BB00BF00000020831E0A46022B00D9A1
:1015200070470121024B814003EBC010FFF78ABBDB
:101530000000002040687047124A134BD2F8200286
:1015400020F07F40984210B584B002D200EB8000BA
:1015500040000E4C01A90A22FFF71CFA01A9002342
:10156000204611F8012B01333AB10A2B20F8022F43
:10157000F7D11623237004B010BD5B00DBB22370DB
:1015800004B010BD00441F4080969800DC1F00206E
:1015900000F0D8BA00F0CABA00F066BB00F03CBB5D
:1015A0000846114600F02CBBF8B5144C4FF0E0256E
:1015B000134E4FF4003204EB4024124F06EB40165A
:1015C0000346C5F88C2121463A883046FFF778FF5C
:1015D0003B882344BFF34F8FC5F85C4F2034A342B0
:1015E000FAD8BFF34F8FBFF36F8F03203146FFF759
:1015F00093FF4FF40033C5F80C31F8BD8000202074
:10160000002300207C790020244B2DE9F0411C8828
:101610004368C569C3F30E43E41A002C24DD204956
:1016200020480A780078D3B21F4E82421F4807D064
:1016300010F8038036F81870C7F50072944218D974
:101640000133002226F81540082B194E88BF134697
:1016500026F8152098BFDAB2C554164B0A701A68DE
:1016600014441C60BDE8F0812846BDE8F041FFF756
:101670009BBF07EB4820104922462744084401EB52
:101680004521FFF7E9F80B4A284626F81870136839
:101690002344BDE8F0411360FFF786BF7C7900204A
:1016A00093790020947900207C5B00209C5B0020D3
:1016B0008C5B0020785B0020800020201D4B1A7876
:1016C000002A36D102F0FF031B4A12788AB32DE9B3
:1016D000F0411A4D2A8852B3194EC2F50068194FCD
:1016E0003278194C07EB421704EBC22442463846C5
:1016F0002146FFF7E5FE04EB0802BFF34F8F4FF0E2
:10170000E023C3F8704F2034A242FAD8BFF34F8FC2
:10171000BFF36F8F04203946FFF7EAFE33780133B9
:10172000DBB2032B88BF0023337000232B80BDE87E
:10173000F0817047987900209A7900207E79002006
:101740009779002000240020801020202DE9F04F00
:1017500085B0CDE90110002900F0BF800023604C66
:10176000DFF89881DFF898A15E4F009301235E4A6D
:1017700023705E4B1978B8F8003002EB4119002B4A
:1017800040F0A7801E461D469B464846FFF7D2FE06
:1017900010F0800000F08C80BFF34F8F9AF800307B
:1017A00084F800B005B93E68002B7DD13B689B1BD7
:1017B000782B00F287804E4B1B78002B74D000F002
:1017C0009DFA0122B8F8003015462270002BDCD0BB
:1017D000464AC3F5006011781A4600EBC120454D1A
:1017E000C9022844019D954217D20393DDE90151B6
:1017F0002A46FFF731F8039B4FF040425B1BA8F8E5
:1018000000303D4BC3F88420BFF34F8F0098002376
:101810002844237005B0BDE8F08F364BCD180299EF
:10182000FFF71AF800234FF4006229464846FFF7F5
:1018300047FEBFF34F8F05F1200205F50063934289
:1018400034BF012340234FF0E02205EB4313C2F8DD
:10185000705F2035AB42FAD1BFF34F8FBFF36F8F6C
:1018600004204946FFF744FE204A13780133DBB2D7
:10187000032B84BF00231D4A1370B8F80030019A6F
:10188000D11A009A1A4401910092029A1A44002334
:101890000292194AA8F80030C2F88430BFF34F8F83
:1018A000237000297FF462AF009805B0BDE8F08F87
:1018B0004FF400620D4B8AF8000019781346A8F81F
:1018C00000208AE7012300988AF8003005B0BDE8BF
:1018D000F08F1A46C3F500607FE70198E5E700BF87
:1018E00098790020CC5B002000240020977900200C
:1018F0009A7900208010202000002E407E79002060
:1019000096790020704700BF2D4B002180222D4882
:1019100070B51B7800242C4D8B422C4E0CBF4023FD
:101920004FF400732B80338001F096FC284A214647
:10193000284B14704FF4807227481C8001F08CFCF7
:10194000264A1021264B0220C2E90044C2E9024483
:10195000244AC3E900441470234AC3E90244234BD8
:101960001C70234614602246FFF778FD224631881A
:1019700003201F4BFFF740FD234601222988042046
:10198000FFF76CFD20460134FFF70EFE082CF9D15D
:10199000184B00214A221848184C0460C3F88410E0
:1019A000C3F88020D3F84821154942F08072C3F86B
:1019B000482121B1134A137843F00103137070BD1D
:1019C0009B79002000240020807900207C79002071
:1019D000977900207E790020002300207C5B002086
:1019E0008C5B002093790020785B002094790020A4
:1019F00075F6000000002E40D85E002029F7000098
:101A0000000000009E7900202DE9F04F4FF0E02308
:101A10004FF40032DFF8C8A083B0C3F88C218B46A6
:101A20009AF8004000294FD08046E4B20027DFF842
:101A3000B490264BABEB070225491B78A34204F177
:101A400001043FD0092C234B404628BF00241E5DD3
:101A500039F816C00CEB462319441F4B33F81650C7
:101A6000A5EB0C05AA421CD20CEB462C18491B4CCA
:101A700061440192FEF7F0FE216839F8165058468D
:101A8000019AA1EB0B012A44394429F81620216060
:101A90004FF0E0234FF40032C3F80C2103B0BDE84F
:101AA000F08F2A462F44FEF7D7FE0C49E3B23046AA
:101AB0000A68A844521B0A608AF80030FFF774FDD8
:101AC000BB45B6D83846E3E70846E1E793790020FE
:101AD000800020209C5B00207C5B0020785B002045
:101AE000947900208C5B00200B4B0C4A12781978FB
:101AF000D3B28A420DD0013309480A4A092B0A4958
:101B000028BF0023C35C31F8131002EB4323585C59
:101B100070474FF0FF307047937900209479002090
:101B20009C5B0020800020208C5B0020044B10B5C3
:101B30001C680CB1204610BD00F0E0F8204610BD36
:101B4000785B00202DE9F84F144E154D33782A7834
:101B5000934221D0DCB2DFF85090DFF850B0DFF8CC
:101B60005080104F0134082C5FFA84FA01D9002408
:101B7000A24619F80400DBF8003038F8102037F8D6
:101B80001010521A9B1ACBF80030FFF70DFD86F8A3
:101B900000A02B78A342E5D1BDE8F88F947900200E
:101BA000937900208C5B00209C5B0020785B0020F8
:101BB0007C5B002000B583B001210DF10700FFF729
:101BC00023FF20B19DF8070003B05DF804FB4FF040
:101BD000FF30F9E7094B00B583B01B788DF807009B
:101BE0003BB101210DF10700FFF7B0FD03B05DF837
:101BF00004FB03F0FF0003B05DF804FB9A790020BA
:101C0000044B1B7803F0FF020BB1FFF79FBD10469A
:101C1000704700BF9A7900202DE9F0410024DFF8D9
:101C2000448001230D4D27460D4E88F8003033784F
:101C300028462035A34204F1010405D0FFF77AFCC1
:101C4000030658BF07F50067042CF0D1BFF34F8F90
:101C50000023384688F80030BDE8F08100240020D9
:101C600097790020987900202DE9F8431D4B1B78C7
:101C700013B11D4D2A880AB9BDE8F8831B4EC2F581
:101C800000691B4933784A461A4C01EB43181A4F36
:101C900004EBC324012340463B7021460023FFF799
:101CA0000FFC04EB0902BFF34F8F4FF0E023C3F8A2
:101CB000704F2034A242FAD8BFF34F8FBFF36F8F1B
:101CC00004204146FFF714FC33780133DBB2032BC9
:101CD00088BF0023337000232B80BFF34F8F3B70EE
:101CE000BDE8F8839A7900207E790020977900205A
:101CF0000024002080102020987900202DE9F8434E
:101D00002D4B1E7866B12D4F3B784BB90123F1075F
:101D10003B7043D4B20726D400233B70730701D431
:101D2000BDE8F883264B1A68002AF9D0EFF3058244
:101D3000002AF5D1EFF3108572B61868002834D068
:101D4000204C2178002930D10122227042691A608A
:101D5000002A2ED0916105B962B6002583684577C7
:101D600098472570DCE7DFF8648098F80030002B96
:101D7000D2D00025DFF858902B4659F82340013582
:101D8000236820461B69984710B163699B68984790
:101D900098F80020EBB29A42EFD8BDE7FFF7C6FEF5
:101DA0000028B7D0AFF30080B4E7002DB8D162B6F9
:101DB000B6E7054B1A60CEE79E79002089790020AE
:101DC000AC29002087790020B829002088790020DC
:101DD000BC29002000230F2248F2B82C194610B568
:101DE0004FF470444FF4806EA0F88C414FF460447F
:101DF000A0F88E210A46A0F89031B0F888319BB245
:101E000043F0F003A0F8883101EB4103013100EB0E
:101E1000431304299C80A3F806E05A841A865A804A
:101E20005A81A3F80EC05A82DA825A83DA83EBD140
:101E3000B0F888319BB243F00F03A0F88831B0F8B6
:101E400088319BB243F47063A0F8883110BD00BFA5
:101E5000374B384A996F384841F47F0170B599671C
:101E600041F20106D3F8801045F6C05543F226042E
:101E70000A43C3F88020FFF7ADFF00F58040FFF76D
:101E8000A9FF00F58040FFF7A5FF00F58040FFF7B0
:101E9000A1FF0022A0F503104FF00F0E114600EB3A
:101EA00042134FEA421C01329981042A5981A3F856
:101EB0000EE09E82DD8020F80C1019829C81EED10C
:101EC00000221E484FF00F0E41F20106114645F662
:101ED000C05543F2260400EB42134FEA421C013284
:101EE0009981042A5981A3F80EE09E82DD8020F8B2
:101EF0000C1019829C81EED1002211480F2641F26C
:101F00000105114645F6C05443F2260E00EB42137C
:101F10004FEA421C01329981042A5981DE819D8257
:101F2000DC8020F80C101982A3F80CE0EED170BD13
:101F300000C00F40000003FC00C03D4000001E40F8
:101F400000401E4008B5D0E900325BB1BAB10F4B7A
:101F5000A3FB0213DB0803EB4303B2EB83030AD1B9
:101F6000012008BD094BA3FB0213DB0803EB43036D
:101F7000B2EB830301D0D21A4260F02AF0D801F00C
:101F800047FA1C22034600201A6008BDABAAAAAA81
:101F900070B5044638B319B1B2FA82F67609A2B91F
:101FA000206800B36268F2B1184B194902FB03F3D1
:101FB000B1EBB30F17D3A368E3B90022012322606A
:101FC0006260A260E260184670BD1D46049BC0E9D5
:101FD0000012C360FFF7B6FF03460028F3D06DB9C7
:101FE0000123184670BD01F013FA16220023026087
:101FF000184670BD002101F02FF9DEE76268314616
:102000002068A56001F028F90123DCE7ABAAAAAAA1
:102010005555551503460846194601F063B800BFEB
:1020200081F0004102E000BF83F0004330B54FEA89
:1020300041044FEA430594EA050F08BF90EA020FF6
:102040001FBF54EA000C55EA020C7FEA645C7FEA89
:10205000655C00F0E2804FEA5454D4EB5555B8BFAC
:102060006D420CDD2C4480EA020281EA030382EA1D
:10207000000083EA010180EA020281EA0303362DAF
:1020800088BF30BD11F0004F4FEA01314FF4801C82
:102090004CEA113102D0404261EB410113F0004F94
:1020A0004FEA03334CEA133302D0524263EB43034B
:1020B00094EA050F00F0A780A4F10104D5F1200EE9
:1020C0000DDB02FA0EFC22FA05F2801841F1000144
:1020D00003FA0EF2801843FA05F359410EE0A5F118
:1020E00020050EF1200E012A03FA0EFC28BF4CF049
:1020F000020C43FA05F3C01851EBE37101F00045FF
:1021000007D54FF0000EDCF1000C7EEB00006EEB0B
:102110000101B1F5801F1BD3B1F5001F0CD3490895
:102120005FEA30004FEA3C0C04F101044FEA4452EC
:1021300012F5800F80F09A80BCF1004F08BF5FEA73
:10214000500C50F1000041EB045141EA050130BD53
:102150005FEA4C0C404141EB0101013C28BFB1F565
:10216000801FE9D291F0000F04BF01460020B1FAB0
:1021700081F308BF2033A3F10B03B3F120020CDA83
:102180000C3208DD02F1140CC2F10C0201FA0CF061
:1021900021FA02F10CE002F11402D8BFC2F1200CC6
:1021A00001FA02F120FA0CFCDCBF41EA0C0190407C
:1021B000E41AA2BF01EB0451294330BD6FEA0404C5
:1021C0001F3C1CDA0C340EDC04F11404C4F12002B0
:1021D00020FA04F001FA02F340EA030021FA04F3C2
:1021E00045EA030130BDC4F10C04C4F1200220FA19
:1021F00002F001FA04F340EA0300294630BD21FA57
:1022000004F0294630BD94F0000F83F4801306BF1C
:1022100081F480110134013D4EE77FEA645C18BF10
:102220007FEA655C29D094EA050F08BF90EA020FA7
:1022300005D054EA000C04BF1946104630BD91EA9F
:10224000030F1EBF0021002030BD5FEA545C05D1A2
:102250004000494128BF41F0004130BD14F58004E1
:102260003CBF01F5801130BD01F0004545F0FE4155
:1022700041F470014FF0000030BD7FEA645C1ABF8A
:10228000194610467FEA655C1CBF0B46024650EAC1
:10229000013406BF52EA033591EA030F41F40021ED
:1022A00030BD00BF90F0000F04BF0021704730B573
:1022B0004FF4806404F132044FF000054FF0000148
:1022C00050E700BF90F0000F04BF0021704730B509
:1022D0004FF4806404F1320410F0004548BF4042DE
:1022E0004FF000013EE700BF42004FEAE2014FEA33
:1022F00031014FEA02701FBF12F07F4393F07F4F0E
:1023000081F06051704732F07F4208BF704793F010
:102310007F4F04BF41F40021704730B54FF4607423
:1023200001F0004521F000411CE700BF50EA010226
:1023300008BF704730B54FF000050AE050EA0102CF
:1023400008BF704730B511F0004502D5404261EB3F
:1023500041014FF4806404F132045FEA915C3FF480
:10236000D8AE4FF003025FEADC0C18BF03325FEA1D
:10237000DC0C18BF033202EBDC02C2F1200300FACE
:1023800003FC20FA02F001FA03FE40EA0E0021FAF3
:1023900002F11444BDE600BF53B94AB9002908BF91
:1023A00000281CBF4FF0FF314FF0FF3000F070B934
:1023B000ADF1080C6DE904CE00F006F8DDF804E09C
:1023C000DDE9022304B070472DE9F047089E0D4671
:1023D00004460F46002B4AD18A42944665D9B2FA88
:1023E00082F343B102FA03FCC3F120029F4020FABA
:1023F00002F217439C404FEA1C4E1FFA8CF5B7FBC4
:10240000FEF1220C0EFB117742EA074201FB05F0B8
:1024100090420AD91CEB020201F1FF3780F01C81C7
:10242000904240F2198102396244121AA4B2B2FBFE
:10243000FEF00EFB102244EA024400FB05F5A54223
:102440000AD91CEB040400F1FF3280F00781A54299
:1024500040F204816444023840EA0140641B0021D8
:102460001EB1DC400023C6E90043BDE8F0878B4283
:1024700008D9002E00F0ED800021C6E900050846CD
:10248000BDE8F087B3FA83F1002949D1AB4202D30A
:10249000824200F2F880841A65EB0302012017469D
:1024A000002EE2D0C6E90047DFE702B9FFDEB2FA4C
:1024B00082F3002B40F090808A1A4FEA1C471FFAE3
:1024C0008CFE0121B2FBF7F507FB1520220C42EA36
:1024D00000420EFB05F0904208D91CEB020205F108
:1024E000FF3802D2904200F2CB804546121AA4B2C5
:1024F000B2FBF7F007FB102244EA02440EFB00FE99
:10250000A64508D91CEB040400F1FF3202D2A6450F
:1025100000F2BB801046A4EB0E0440EA05409FE7A2
:10252000C1F120078B4022FA07FC4CEA030C05FAA4
:1025300001F420FA07F3FD404FEA1C492343B5FBA1
:10254000F9F81FFA8CFE09FB18551C0C44EA0544E7
:1025500008FB0EF5A54202FA01F200FA01F00BD9D0
:102560001CEB040408F1FF3A80F08880A54240F299
:102570008580A8F102086444641B9DB2B4FBF9F3A2
:1025800009FB134445EA044403FB0EFEA64508D9A3
:102590001CEB040403F1FF356CD2A6456AD9023B5B
:1025A000644443EA0843A3FB0295A4EB0E04AC4247
:1025B000C846AE4656D353D056B1B0EB080264EBD2
:1025C0000E0404FA07F7CA40CC401743C6E900746A
:1025D00018460021BDE8F087C3F1200102FA03FC90
:1025E00020FA01F225FA01F19D402A434FEA1C47E7
:1025F0001FFA8CFEB1FBF7F007FB1015110C41EA36
:10260000054100FB0EF58D4204FA03F408D91CEBDA
:10261000010100F1FF382FD28D422DD902386144DB
:10262000491B92B2B1FBF7F507FB151142EA0142D3
:1026300005FB0EF1914208D91CEB020205F1FF38AF
:1026400016D2914214D9023D6244521A45EA004121
:1026500038E73146304608E73946E6E61046FBE6FD
:102660004845A9D2B9EB020865EB0C0E013BA3E784
:102670004546EAE72B4694E74046D1E7D0467BE75C
:10268000023D624432E708460AE76444023842E702
:10269000704700BF931E222B10B50C460CD80A2A97
:1026A00003D000F0D1FC204610BD0028F9DA2D231C
:1026B00001F8013B4042F4E700230B70184610BDBF
:1026C000024B0146186800F00BB800BF881F0020BD
:1026D000024B0146186801F09FB900BF881F002017
:1026E0002DE9F04F01F10B06162E83B0044624D8D5
:1026F000102900F2BA8000F0A3FA10261822022056
:10270000B54F3A44A2F1080153688B4200F0BA80F9
:102710005A68D96822F003021A449D68E9608D6006
:10272000516841F001012046516003F1080500F0B5
:102730008DFA284603B0BDE8F08F36F0070600F1A9
:102740009480B14200F2918000F07AFAB6F5FC7FF5
:10275000C0F09A81730A00F08F80042B00F26F8121
:10276000B30903F1390003F1380CC3009A4F3B441D
:10277000A3F108055B689D4206D10CE0002980F2B8
:102780002781DB689D4206D05A6822F00302911B24
:102790000F29F3DD60463D69DFF850C265457CD006
:1027A0006A6822F00302931B0F2B00F37B81002B3E
:1027B000C7E904CC80F26C81B2F5007F80F01A8109
:1027C000D308796801334FEA521E012202FA0EF251
:1027D0000A4357F833E0C5F808E007EBC3010839AE
:1027E000E9607A6047F83350CEF80C50831001212D
:1027F0009940914257D8114206D120F00300490078
:10280000114200F10400FAD007EBC0094D4686469C
:10281000D5F80C80454508D11DE1002B80F22481BC
:10282000D8F80C80454500F01681D8F8042022F035
:102830000302931B0F2BF0DD2046D8E9025408EB6E
:10284000060146F00106C8F80460EC60A56043F09C
:102850000104C7E90411C1E902CC4C6048F8023018
:1028600000F0F4F908F1080502E00C2323600025CC
:10287000284603B0BDE8F08F4FF4007340204FF0BE
:102880003F0C73E7D3689A4208BF02307FF440AF31
:102890003D69DFF858C1654582D17A68831001210E
:1028A00099409142A7D9BD686B6823F003094E4552
:1028B00003D8A9EB06030F2B7ADCDFF834B1474BC2
:1028C000DBF800201B680132334405EB090A00F0F5
:1028D000338103F580530F3323F47F6828F00F080A
:1028E0004146204600F082FD411C024600F0F38084
:1028F000824500F2EE803A4B19684144196008465F
:1029000000F04E81DBF80010019301311BBFA2EBF8
:102910000A010918CBF80020196012F0070B00F02B
:102920001781CBF108010A44CBF58051904408315E
:10293000A1EB0801C1F30B0A51462046009200F0BA
:1029400055FD421CDDE9002300F04F81801A00EBA9
:102950000A081968BA6048F001005144BD4250604D
:10296000196000F02981B9F10F0F40F227816868E2
:10297000A9F10C0C2CF0070C00F0010040EA0C004F
:1029800068604FF0050E05EB0C00BCF10F0FC0E9BD
:1029900001EE00F2328150681546124B1A688A42E5
:1029A00038BF1960104B1A688A4238BF196094E02A
:1029B000AA1943F0010346F001066E602046BA6092
:1029C000536000F043F90835284603B0BDE8F08FA6
:1029D000D9681A44A1E600BF781B0020B42B002060
:1029E000842B0020AC2B0020B02B0020801B00206B
:1029F000801F0020B2F5206F4FEA522363D3142BBF
:102A000000F2B78003F15C01C9005B3307EB010EF4
:102A10007958AEF1080E8E4500F091804B6823F096
:102A20000303934202D989688E45F7D1D1F80CE0AF
:102A30007A68C5E9021ECEF80850CD60D6E6142BA0
:102A400059D9542B00F29D80330B03F16F0003F131
:102A50006E0CC3008AE60EF1010E1EF0030F05F1A5
:102A600008057FF4D5AE51E0424445465368D8F896
:102A70000C1043F00103536055F8083F2046D9601D
:102A80008B6000F0E3F8F3E6F00806F1080237E6A1
:102A90002A442046536843F001035360083500F090
:102AA000D5F8E5E6A919204646F0010643F00104F1
:102AB0006E60C7E90411C1E902CC4C60AB5000F074
:102AC000C5F80835D4E6930903F13901C900383354
:102AD0009CE7BD425FD0BD68686820F003084645AA
:102AE000A8EB060302D80F2B3FF762AF204600F099
:102AF000ADF80025BCE603F15C0003F15B0CC300FC
:102B000034E659F808394B4540F0968010F0030F31
:102B100000F1FF30F5D17B6823EA01037B604900B7
:102B200099423FF6C0AE19B9BDE649000EF1040E58
:102B30001942FAD0704667E603F11008D0E69A1001
:102B40004FF001087B6808FA02F21A437A6070E7D6
:102B500002EB08014942C1F30B0A5146204600929C
:102B600000F044FC431CDDE900237FF4EFAEDA46BD
:102B7000EFE6542B25D8130B03F16F01C9006E3318
:102B800044E7B3F5AA7F25D8F30B03F1780003F1EE
:102B9000770CC300EAE5294B186840441860B1E699
:102BA000CAF30B0CBCF1000F7FF4ACAEBD68C84497
:102BB00048F001006860F0E61546EEE60123536038
:102BC00094E7B3F5AA7F23D8D30B03F17801C900AA
:102BD00077331BE740F25452934223D8B30C03F1EE
:102BE0007D0003F17C0CC300C0E5ABF1080BD844B9
:102BF000A8EB02084FF0000AABE605F108012046F9
:102C0000009300F009FFBD68009B68681968C4E67E
:102C100040F254518B420BD8930C03F17D01C90053
:102C20007C33F3E64FF47E737F204FF07E0C9DE5FE
:102C30004FF47E717E23E9E67B6870E7842B0020E9
:102C4000014800F00FBC00BF802B0020014800F0BD
:102C50000BBC00BF802B002010B4044C03460A4676
:102C600020685DF8044B194600F002B8881F002068
:102C70002DE9F84F1746002900F098800C4607F11F
:102C80000B058046FFF7DCFF162D54F8041C5BD8BB
:102C900010252A46AF425CD821F003069642A4F1E3
:102CA000080962DABC4BD3F808C009EB060084457A
:102CB00000F09780D0F804C02CF0010303445B6857
:102CC000DB0768D42CF0030C06EB0C03934247DAC5
:102CD000CB0710D454F8083CA9EB030ADAF8043007
:102CE00023F003018C44B444944580F2118173189D
:102CF000934280F2E88039464046FFF7F1FC0746F0
:102D0000E0B154F8043C23F001034B44A0F1080265
:102D1000934200F0D280321F242A00F2F580132A59
:102D200000F2AC8003462246116819605168596070
:102D300092689A602146404600F06EFE4046FFF7DA
:102D400085FF3846BDE8F88F25F00705002D2A4697
:102D5000A0DA0C23C8F8003000273846BDE8F88F09
:102D60001E46D0E90223D3609A60731B0F2B22D832
:102D7000D9F8043003F0010333434E44C9F804305A
:102D8000736843F00103736040462746FFF75EFF18
:102D90003846BDE8F88FC907ADD454F8083CA9EB14
:102DA000030ADAF8041021F00301A0E7BDE8F84FA8
:102DB0001146FFF795BCD9F8042009EB050102F094
:102DC00001024E4443F001032A43C9F804204B603A
:102DD000736843F0010308317360404600F01CFE45
:102DE000D2E7DCF8040020F0030B06EB0B0C05F136
:102DF000100084454DDAC9073FF57DAF54F8081C33
:102E0000A9EB010ADAF8041021F003018B44B34462
:102E100058453FF76CAF5746DAF80C1057F8080FD3
:102E2000321F242AC160886000F2DB80132A40F23E
:102E3000D6802168CAF808106168CAF80C101B2AED
:102E400000F2DF8008340AF1100221681160616825
:102E50005160A16891600AEB0501ABEB050242F0FD
:102E6000010299604A60DAF8043003F001032B4351
:102E70004046CAF80430FFF7E9FE6EE723680360B6
:102E8000636843601B2A68D804F1080200F1080354
:102E90004AE709EB05029A60ACEB050343F0010336
:102EA000536054F8043C03F001032B43404644F8BC
:102EB000043CFFF7CBFE27464FE750F8043C23F0D5
:102EC00003031E4451E75746DAF80C1057F8080F71
:102ED000321F242AC16088604CD8132A48D921683F
:102EE000CAF808106168CAF80C101B2A56D80834B2
:102EF0000AF110021E462368136063685360A368DA
:102F00009360D1463C4630E7214600F029F911E7AD
:102F1000D0E902135746CB60996057F8081FDAF8DA
:102F20000C30CB60321F242A99602DD8132A29D95E
:102F30002368CAF808306368CAF80C301B2A42D8E4
:102F400008340AF1100322681A6062685A60A268A5
:102F50009A606646D1463C4607E7A3688360E3680B
:102F6000C360242A26D004F1100200F11003DBE62E
:102F70003A46BFE7214638461E46D14600F0F0F8F3
:102F80003C46F2E63B46DEE7214638466646D146F9
:102F900000F0E6F83C46E8E6781B0020A168CAF895
:102FA0001010E168CAF81410242A20D010340AF155
:102FB00018029FE7236903616169416104F1180206
:102FC00000F11803B0E6A368CAF81030E368CAF845
:102FD0001430242A21D010340AF11803B3E73A46FA
:102FE00033E72146384600F0BBF8164B33E7226939
:102FF000CAF818206269CAF81C2018340AF12002A5
:1030000078E7A168CAF81010E168CAF81410242AF9
:103010000DD010340AF1180217E72369CAF81830E6
:103020006369CAF81C3018340AF120038BE722695F
:10303000CAF818206269CAF81C2018340AF1200264
:1030400003E700BF781B0020F0B5254FA2F1020E68
:10305000164605460C460FCF8BB0EC46ACE80F0089
:103060000FCFACE80F0097E803004CF8040BBEF15B
:10307000220F8CF800102ED804F1FF3E70464FF05E
:10308000000CB5FBF6F206FB125328336B44614685
:1030900013F828CC00F801CF2B469E4201F1010C19
:1030A0001546EED9002304F80C3089B1A4447246C9
:1030B0001EF8010F1CF8015D8EF80050A4EB0E0302
:1030C0000232013B121B0B449A428CF80000EEDBEB
:1030D00020460BB0F0BD0023184623700BB0F0BDA6
:1030E0004C13002013460A460146022000F000BCA3
:1030F000024B1844407800F0080070477413002019
:10310000032A70B514D940EA01039B0722D1044673
:103110000B46194620460E680568B54204F10404C2
:1031200003F1040316D1043A032A20461946F0D8C5
:10313000541E9AB1421E013901E0C3180CD012F896
:1031400001EF11F801CFE645A4EB0203F5D0AEEB99
:103150000C0070BD541EEDE7184670BD104670BDE2
:1031600088420DD98B1883420AD900EB020CBAB100
:10317000624613F801CD02F801CD9942F9D17047AA
:103180000F2A0ED8034602F1FF3C4AB10CF1010CA4
:10319000013B8C4411F8012B03F8012F6145F9D153
:1031A000704740EA01039B0750D1A2F1100370B5AC
:1031B00001F1200C23F00F0501F1100E00F11004B5
:1031C000AC441B095EF8105C44F8105C5EF80C5CC3
:1031D00044F80C5C5EF8085C44F8085C5EF8045C3B
:1031E00044F8045C0EF1100EE64504F11004E9D138
:1031F000013312F00C0F01EB031102F00F0400EB8E
:10320000031327D0043C24F003064FEA940C1E4419
:103210001C1F8E465EF8045B44F8045FB442F9D18B
:103220000CF1010402F0030203EB840301EB8401BF
:1032300002F1FF3C4AB10CF1010C013B8C4411F846
:10324000012B03F8012F6145F9D170BD02F1FF3C5C
:1032500003469BE72246EBE7830730B548D0541E70
:10326000002A3FD0CAB2034601E0013C3AD303F83A
:10327000012B9D07F9D1032C2DD9CDB245EA0525A7
:103280000F2C45EA054536D9A4F1100222F00F0CA7
:1032900003F1200EE6444FEA121C03F1100242E94A
:1032A000045542E9025510327245F8D10CF1010281
:1032B00014F00C0F03EB021204F00F0C13D0ACF15E
:1032C000040323F003030433134442F8045B9342E2
:1032D000FBD10CF003042CB1C9B21C4403F8011B50
:1032E0009C42FBD130BD64461346002CF4D1F9E773
:1032F00003461446BFE71A46A446E0E7002A3ED03C
:1033000040EA01039B0730B584462FD1032A2DD90B
:103310000B4608E0043A8446194625D01EF0803F4B
:1033200022D1032A22D90468194653F8045BA4F178
:10333000013EAC4284462EEA040E00F10400E9D0BE
:103340009CF800000C78A0421BD1E64668B11EF83C
:10335000010F11F8014FA2EB0E03A04203F1FF335E
:103360000FD11CEB0303F1D1002030BD9CF800000D
:103370000C78844205D1012AF6D0E646E6E71046ED
:103380007047001B30BD00BF40EA01039B0730B50A
:1033900001D1032A0FD8844601F1FF3E07E01EF851
:1033A000011F03F8011B541EC1B19C46224663460F
:1033B000002AF4D130BD0B468446194653F8045B0D
:1033C000A5F1013424EA050414F0803FE4D1043A65
:1033D000032A4CF8045B1946EFD8DDE79444002C2F
:1033E000E8D003F8011B6345FBD130BD38B5074D6C
:1033F0000022044608462A60FDF7D6FB431C00D095
:1034000038BD2B68002BFBD0236038BDD859002075
:10341000014B1868704700BF881F002070B50D4E23
:103420000D4D761BB61006D0002455F8043B013430
:103430009847A642F9D1094E094D761B00F0F6FBDC
:10344000B61006D0002455F8043B01349847A64234
:10345000F9D170BD801E0060801E00608C1E00606F
:10346000801E0060704700BF704700BF0000000072
:1034700000000000A2EB0300704700BF02780B7849
:10348000012A28BF9A42F5D16DE9044540EA0104BA
:10349000CDE902676FF0000C4FEA447212B380EA84
:1034A000010414F0070F6AD100F0070420F00700B0
:1034B00004F0030521F007014FEAC505F0E80423F5
:1034C00014F0040FF1E804670CFA05F462EA040250
:1034D00066EA04060AD063EA0403624667EA040760
:1034E000664603E0F0E80423F1E8046782FA4CF54D
:1034F00082EA0604A4FA8CF46CBB83FA4CF583EAE6
:103500000705A5FA8CF595B950E9022351E9026740
:1035100082FA4CF582EA0604A4FA8CF483FA4CF59C
:1035200083EA0705A5FA8CF52543DBD09CB92DBAB3
:10353000B5FA85F424F0070427FA04F1DDE90267FF
:1035400023FA04F303F0FF0001F0FF01FDE8044556
:10355000A0EB0100704724BAB4FA84F424F0070405
:1035600026FA04F1DDE9026722FA04F202F0FF0014
:1035700001F0FF01FDE80445A0EB0100704714F0E5
:10358000030F3CD110F0030428D150F8082B51F858
:10359000083B82FA4CF582EA0305A5FA8CF55DB981
:1035A00050F8042C51F8043C82FA4CF582EA0305E9
:1035B000A5FA8CF5002DE8D02DBAB5FA85F424F0E3
:1035C000070423FA04F122FA04F202F0FF0001F0EA
:1035D000FF01FDE80445A0EB010070474FEAC40479
:1035E00020F0030050F8082B21F0030151F8083BAC
:1035F0000CFA04F462EA040263EA0403C9E710F077
:1036000003041AD0A1EB040120F00300E40750F8F2
:10361000042B06D00FD28B785FFAA2F4E41A06D1FD
:103620002BB1CB785FFAB2F4E41A00D11BB9204673
:103630005DF8104B704701F1040150F8042BCC07E2
:1036400021F0030151F8043B48D824D222F07F44F2
:1036500082FA4CF594EA1325A5FA8CF50AD165B9DE
:1036600051F8043B84EA0204B4EB036F0ED150F826
:10367000042BEBE74FEA132355E035F07F454DD19E
:103680000878FDE80445C0F1000070474FEA126277
:1036900003F0FF0347E002EA1C4482FA4CF594EA87
:1036A0001345A5FA8CF50AD165B951F8043B84EAB3
:1036B0000204B4EB034F0CD150F8042BEBE74FEAB4
:1036C000134330E015EA1C4528D10B884FEA12421B
:1036D00029E04FEA124203EA1C4324E002F0FF040F
:1036E00082FA4CF594EA1365A5FA8CF50AD165B90E
:1036F00051F8043B84EA0204B4EB032F09D150F8DB
:10370000042BEBE74FEA13630DE015F0FF0F05D133
:103710000B684FEA122223F07F4304E04FF00000D1
:10372000FDE80445704712BA1BBA82FA4CF482EAEB
:103730000304A4FA8CF5B5FA85F402FA04F203FA4C
:1037400004F34FEA1260FDE80445A0EB13607047F4
:1037500080EA0102844612F0030F4FD111F0030FEB
:1037600032D14DF8044D11F0040F51F8043B0BD049
:10377000A3F101329A4312F0803F04BF4CF8043B9E
:1037800051F8043B16D100BF51F8044BA3F10132AC
:103790009A4312F0803FA4F101320BD14CF8043B64
:1037A000A24312F0803F04BF51F8043B4CF8044B95
:1037B000EAD023460CF8013B13F0FF0F4FEA332306
:1037C000F8D15DF8044B704711F0010F06D011F8E5
:1037D000012B0CF8012B002A08BF704711F0020FD3
:1037E000BFD031F8022B12F0FF0F16BF2CF8022BBE
:1037F0008CF8002012F47F4FB3D1704711F8012BE1
:103800000CF8012B002AF9D1704700BF000000001E
:103810000000000090F800F06DE9024520F007017B
:103820006FF0000C10F0070491F820F040F0498090
:103830004FF000046FF00700D1E9002391F840F049
:1038400000F1080082FA4CF2A4FA8CF283FA4CF3ED
:10385000A2FA8CF34BBBD1E9022382FA4CF200F1BD
:103860000800A4FA8CF283FA4CF3A2FA8CF3E3B9C1
:10387000D1E9042382FA4CF200F10800A4FA8CF298
:1038800083FA4CF3A2FA8CF37BB9D1E9062301F158
:10389000200182FA4CF200F10800A4FA8CF283FABB
:1038A0004CF3A2FA8CF3002BC6D0002A04BF0430DC
:1038B0001A4612BAB2FA82F2FDE8024500EBD200D3
:1038C0007047D1E9002304F00305C4F100004FEA7A
:1038D000C50514F0040F91F840F00CFA05F562EA02
:1038E00005021CBF63EA050362464FF00004A9E726
:1038F0002DE9F047DFF87CA00646DAF8000098468C
:103900000F469146FFF7AEFD184B1C6824B365685F
:103910001F2D24DC5EB96B1C0235DAF800006360F1
:1039200044F82570FFF7A0FD0020BDE8F08704EB08
:1039300085010123C1F88890D4F88821AB401A434F
:10394000022EC4F88821C1F80881E4D1D4F88C2172
:103950001A43C4F88C21DEE7054C1C60D7E7DAF87F
:103960000000FFF781FD4FF0FF30DEE7E82900207F
:10397000EC2900206C1B0020F8B5244F0C460646AD
:10398000FFF75EF9BB685D68C4F57E610F3125F015
:1039900003054B1923F47F6323F00F03A3F5805431
:1039A000B4F5805F07DB00213046FFF71FFDBB68E1
:1039B0002B44984204D03046FFF748F90020F8BD68
:1039C00061423046FFF712FD01300DD0104ABB684E
:1039D0002D1B45F001055D60136830461B1B13600D
:1039E000FFF734F90120F8BD00213046FFF7FEFC57
:1039F000BA68831A0F2BDEDD43F001035360054BD9
:103A000003491B68C01A0860D5E700BF781B002077
:103A1000842B0020801F0020002961D0F8B50C46BF
:103A20000646FFF70DF954F8042C7B4FA4F1080566
:103A300022F0010105EB010CB868DCF804306045A8
:103A400023F0030300F08B80D207CCF8043032D48B
:103A500054F8082CAD1A1144AA6807F108008242F4
:103A60006AD00CEB0304D4F804E0EC68D4601EF0D8
:103A7000010FA26000F0978041F001036B60CCF869
:103A80000010B1F5007F35D27868CB0801224909D2
:103A900001338A40024357F833107A6007EBC302C0
:103AA000083AC5E9021247F83350CD603046BDE808
:103AB000F840FFF7CBB80CEB03025268D00710D4E4
:103AC000194407F10800DCF80830834273D0DCF8B1
:103AD0000C20DA60936041F001036B606950D0E71D
:103AE000704741F00103B1F5007F44F8043CCCF885
:103AF0000010C9D3B1F5206F4FEA512348D28B098A
:103B000003F1390003F13802C300F818FB580838F4
:103B1000984259D05A6822F003028A4202D99B681F
:103B20009842F7D1D868C5E902308560DD6030463B
:103B3000BDE8F840FFF78AB80CEB03025268D207E1
:103B400063D40B44DCE90212CA60916043F00102C5
:103B50006A603046EB50BDE8F840FFF777B80B4499
:103B6000D10707D454F8082CAD1A1344D5E9021232
:103B7000CA60916043F001026A60284ABD60126821
:103B80009A4293D8264B30461968FFF7F5FE8DE729
:103B9000142B0AD9542B1FD80B0B03F16F0003F120
:103BA0006E02C300B1E719448DE703F15C0003F135
:103BB0005B02C300A9E741F00103C7E90455C5E969
:103BC00002006B60695071E779689210012404FA71
:103BD00002F20A437A60A6E7B3F5AA7F06D8CB0BB8
:103BE00003F1780003F17702C3008EE740F25452EC
:103BF000934206D88B0C03F17D0003F17C02C300D5
:103C000083E74FF47E737E227FE741F001036B6010
:103C1000CCF800104AE700BF781B0020841F00206A
:103C2000B42B00205FF800F08D1D00605FF800F0FD
:043C3000351E0060DD
:043C3400F8B500BF20
:083C3800DCE3FF7F0100000046
:103C40000000000000000000000000000000000074
:103C50000000000000000000000000000000000064
:103C60000000000000000000000000000000000054
:103C70000000000000000000000000000000000044
:103C80000000000000000000000000000000000034
:103C90000000000000000000000000000000000024
:103CA0000000000000000000000000000000000014
:103CB0000000000000000000000000000000000004
:103CC00000000000000000000000000000000000F4
:103CD00000000000000000000000000000000000E4
:103CE00000000000000000000000000000000000D4
:103CF00000000000000000000000000000000000C4
:103D000000000000000000000000000000000000B3
:103D100000000000000000000000000000000000A3
:103D20000000000000000000000000000000000093
:103D30000000000000000000000000000000000083
:103D40000000000000000000000000000000000073
:103D50000000000000000000000000000000000063
:103D60000000000000000000000000000000000053
:103D70000000000000000000000000000000000043
:103D80000000000000000000000000000000000033
:103D90000000000000000000000000000000000023
:103DA0000000000000000000000000000000000013
:103DB0000000000000000000000000000000000003
:103DC00000000000000000000000000000000000F3
:103DD00000000000000000000000000000000000E3
:103DE00000000000000000000000000000000000D3
:103DF00000000000000000000000000000000000C3
:103E000000000000000000000000000000000000B2
:103E100000000000000000000000000000000000A2
:103E20000000000000000000000000000000000092
:103E30000000000000000000000000000000000082
:103E40000000000000000000000000000000000072
:103E50000000000000000000000000000000000062
:103E60000000000000000000000000000000000052
:103E70000000000000000000000000000000000042
:103E80000000000000000000000000000000000032
:103E90000000000000000000000000000000000022
:103EA0000000000000000000000000000000000012
:103EB0000000000000000000000000000000000002
:103EC00000000101000101010102010102020102E1
:103ED00003010203020204020205020205030206B4
:103EE0000302070302070403070403070504070589
:103EF0000407060507060607060607070707070063
:103F00000400060008000A0009000B000000000081
:103F10000000000000000008000000000000000099
:103F20000000000000000000000000000000000889
:103F300000000000000000000000000043616C6C05
:103F40006261636B2063616C6C656400534F433A3C
:103F5000200000005344206361726420696E69741C
:103F600069616C697A6174696F6E206661696C65FC
:103F70006421000073746174652E7478740000000D
:103F80000900000020627974657300004D656D6F53
:103F900072792055736167653A200000250A000098
:103FA00053442063617264206F7665722039302536
:103FB0002066756C6C000000646174610000000094
:103FC0002E6373760000000054656D706561726148
:103FD00074757265733A000057616B657570205394
:103FE0006C656570000000004D6F64653A2000004C
:103FF000566F6C746167653A0A00000064726976F6
:10400000650000002C2000000A54656D7065726127
:10401000747572653A0A000043757272656E743A7F
:104020002000000054696D653A0A00004D61782057
:1040300063656C6C20766F6C746167653A20000074
:104040004D696E2063656C6C5F766F6C746167653B
:104050003A2000004D61782063656C6C5F74656D7B
:10406000703A20004D696E2063656C6C5F74656DFD
:10407000703A20004D6178206469652074656D7028
:104080003A2000004D696E206469652074656D708A
:104090003A2000004144435F696E697469616C694C
:1040A0007A6174696F6E204552524F5200000000D1
:1040B000696E76616C696420766F6C746167650007
:1040C000696E76616C69642074656D7020426F6101
:1040D00072643A20200000004E756D3A2000000006
:1040E000566F6C74616765733A000000626F6172AD
:1040F000643A2000626567696E0000002F000000CE
:104100006E657874206C696E650000006E65787469
:104110002066696C6500000073657269616C2064DB
:10412000756D7020646F6E6500000000706563201F
:104130006572726F7200000049443A20000000006E
:1041400020446174613A2000506F776572204C6999
:104150006D69743A2000000043414E206D65737311
:104160006167652073656E742032000043414E2004
:104170006D657373616765205458204661696C658D
:1041800064000000000099C5ABCE320BCFD8561D9D
:104190006416FDD307F49E31AC3A35FFC82C51E9C3
:1041A00063E2FA2797AD0E683C63A5A65875C1B0C7
:1041B000F3BB6A7E9059099C3B97A2525F81C6442B
:1041C000F44F6D8A2E5BB79E85951C50E18378462F
:1041D0004A4DD38829AFB06A82611BA4E6777FB2CB
:1041E0004DB9D47CB9F6203312388BFD762EEFEB27
:1041F000DDE04425BE0227C715CC8C0971DAE81F23
:10420000DA1443D1C5F35C366E3DF7F80A2B93EE12
:10421000A1E53820C2075BC269C9F00C0DDF941A12
:10422000A6113FD4525ECB9BF99060559D86044306
:104230003648AF8D55AACC6FFE6467A19A7203B75A
:1042400031BCA879EBA8726D4066D9A32470BDB5C6
:104250008FBE167BEC5C75994792DE572384BA417A
:10426000884A118F7C05E5C0D7CB4E0EB3DD2A18E6
:10427000181381D67BF1E234D03F49FAB4292DECF2
:104280001FE7862213A28A67B86C21A9DC7A45BF92
:1042900077B4EE7114568D93BF98265DDB8E424B3A
:1042A0007040E985840F1DCA2FC1B6044BD7D212C6
:1042B000E01979DC83FB1A3E2835B1F04C23D5E6B2
:1042C000E7ED7E283DF9A43C96370FF2F2216BE42E
:1042D00059EFC02A3A0DA3C891C30806F5D56C1052
:1042E0005E1BC7DEAA543391019A985F658CFC4926
:1042F000CE425787ADA03465066E9FAB6278FBBD9A
:10430000C9B65073D6514F947D9FE45A1989804C99
:10431000B2472B82D1A548607A6BE3AE1E7D87B889
:10432000B5B32C7641FCD839EA3273F78E2417E105
:1043300025EABC2F4608DFCDEDC6740389D01015E1
:10434000221EBBDBF80A61CF53C4CA0137D2AE17B5
:104350009C1C05D9FFFE663B5430CDF53026A9E301
:104360009BE8022D6FA7F662C4695DACA07F39BAE5
:104370000BB192746853F196C39D5A58A78B3E4E69
:104380000C459580FF007801800143028801870178
:104390008C018B01920191019501F601990198011F
:1043A0009A013D029E012002A801A701AD01AC01C6
:1043B000B001AF01B901B801BD01BC01BF01F701F6
:1043C000C601C401C901C701CC01CA01DD018E01CA
:1043D000F301F101F501F4013A02652C3C023B02C4
:1043E0003E02662C420241025302810154028601C0
:1043F0005602890157028A0159028F015B0290011E
:1044000060029301630294016802970169029601B8
:104410006B02622C6F029C0172029D0175029F016A
:104420007D02642C8002A6018302A9018802AE01EC
:10443000890244028A02B1018B02B2018C02450258
:104440009202B7017B03FD037C03FE037D03FF03A0
:10445000AC038603C203A303CC038C03CD038E03FA
:10446000CE038F03F203F903F803F703FB03FA0308
:10447000CF04C0047D1D632C511F591F531F5B1FA8
:10448000551F5D1F571F5F1F781FF81F791FF91FEA
:10449000B31FBC1FCC1FC31FE51FEC1FFC1FF31F66
:1044A0004E21322184218321612C602C762C752CA5
:1044B00066668640F4EB83400D6B8240ECDD814004
:1044C0004D2A8140C69F7F40FD507C407CCF794083
:1044D000FC4D7740DC18744079C96F402FF9694072
:1044E00041C26340DABF5F40D3095B40DB6C55409B
:1044F0003AB64F407F7D464096F93F4099A93A40F1
:1045000050D934401AD52D404F832540000020401B
:104510004E2D8640BDDE814047588040E0277F40D9
:104520009B207D400F8C7A40D6BC7740250C75408F
:10453000C72773409AD36F40D2A96B40CACC65405D
:104540006A725F40AE425C40CB0957407CB251403A
:10455000F6E04B409D3C424001B93A40810735406E
:1045600065922D409F2424407EFD20403B25224023
:10457000B684824065D47D40D52E7B40FFCF794004
:1045800095C877403A4F754052F6724030BC704043
:10459000D1BF6E409B706B40FA156740C5F3604019
:1045A00028585B403E23584078EC5240F1DC4D40A7
:1045B0009C204840E7D93E40357636405212314083
:1045C000A2B92A40382C2140D1922140A0BB2240E0
:1045D0006FB97F406BC175406AD37240604A7140C9
:1045E000E48B6F4092C56D400FEA6B4096FE6940C8
:1045F000261F6840E5B264400EB16040A7215B40D1
:10460000C5CF55403698524015E64D40DABE484079
:10461000A4934340F5973A4014893340B9882E401B
:10462000D8962740CD3F2040AC132240683D234020
:104630001C837A40D0B06E406D606B400B036A40C3
:10464000F0AE6840F63E6740ABB365402C01644075
:10465000426E62401A485F40B96F5B40BDD655401C
:1046600002275140E1144E40B71A49405A3F444096
:10467000BDA13E40E5263640DD042F40383D2A40AE
:1046800014A12340E91521403AEC2240831724402D
:104690004C7E7240BA256340537C5F40A9475E4020
:1046A00035305D4088EC5B40849E5A40455359400C
:1046B0008FE75740984F55406A395240DF4D4E4082
:1046C000AA1E4A40C92047403B1D4240CF753C408E
:1046D00017CA36400F892E409D3A2740C5BC21405D
:1046E0005FF52140F141244084212640B252274009
:1046F00079D39045C1E08D452CF386450F51804517
:104700000F997145B8826545FFBF5A45C24850456B
:1047100082D14545448A3345B7321F45344105456A
:10472000F9BCD544EB13B744C7FB8E443601634450
:10473000C53E3344EEF3E5437FF196439FB25D43BC
:10474000B595144392CFA942EE1204420000000036
:104750004310D5484768C8480A99BC486D92B1488B
:10476000A545A74818A59D4846A49448AD378C4850
:10477000B55484483AE37948C80A6C48770F5F48D3
:10478000F6E1524819744748CAB83C48EEA332488B
:10479000502A29489141204814E01748EFFC0F485F
:1047A000DF8F084837910148B1F3F5474A86E9475A
:1047B000ECCDDD4724BFD2474D4FC8477F74BE477D
:1047C0007C25B547AA59AC470409A4470E2C9C4741
:1047D000CCBB9447B8B18D47BD07874729B8804700
:1047E000527B754788266A47A4685F47EE3855476D
:1047F0003B8F4B47E4634247C0AF3947126C3147A8
:104800008F9229474D1D2247BB061B47A4491447D9
:104810001FE10D4792C80747A6FB01479FECF846EA
:104820006169EE466666E446E1DCDA4671C6D14669
:104830000A1DC94600DBC046F6FAB846E177B14624
:10484000054DAA46D775A3461FEE9C46D7B196469E
:104850003DBD9046B80C8B46EC9C85469F6A8046D1
:10486000A4E5764652656D46CD4E64460A9D5B468C
:10487000294B53468F544B46E1B443460A683C46A5
:10488000146A354652B72E46484C2846852522469E
:1048900000401C46A49816469A2C11463DF90B463A
:1048A000E1FB0646293202467133FB45B860F2450A
:1048B000ECE7E94533C5E1458FF4D9458F72D24520
:1048C000AE3BCB45B84CC44566A2BD45EC39B745B7
:1048D0006610B1453323AB459A6FA54548F39F4514
:1048E000ECAB9A45489795451FB390459AFD8B458B
:1048F000A47487458F168345E1C27D4533A775456E
:1049000033D76D45854F6645710D5F45EC0D5845B4
:104910008F4E5145A4CC4A45C385444585773E45D5
:10492000AE9F384552FC3245338B2D45664A2845AB
:10493000003823453D521E4585971945EC05154520
:10494000529C1045A4580C45EC3908458F3E04454F
:10495000486500459A59F944AE27F2448F32EB443A
:10496000AE77E444C3F5DD449AA9D7443D92D144DF
:104970001FADCB44A4F8C5443373C0448F1ABB4465
:10498000C3EDB544E1EAB044A410AC44715DA74462
:10499000AECFA244B8669E44A4209A4429FC954414
:1049A000F6F89144CD148E44AE4F8A44AEA78644A7
:1049B000291C8344AE577F44CDAC78441F357244E4
:1049C000B8EE6B4452D8654400F05F447B345A44DF
:1049D0007BA45444143E4F44A4004A449AE94444FE
:1049E00052F83F44292C3B4433833644CDFC3144B8
:1049F0000A972D4448512944E12A25448F22214415
:104A00000A371D44526819447BB41544E11A124414
:104A1000859B0E447B340B441FE5074471AD044471
:104A2000CD8C01448F02FD430A17F7433353F14302
:104A300052B8EB43D743E6437BF4E0433DCADB4344
:104A40008FC2D64371DDD1435218CD437B74C84326
:104A50005CEFC343F688BF430040BB433313B74307
:104A60004801B343850BAF435C2FAB43CD6CA743E9
:104A70008FC2A3435C2FA0437BB49C43A4509943B3
:104A800048019643AEC792436100E01AE000E01788
:104A9000F800E00700010130320101063901011080
:104AA0004A01012E7901010682010104A0010106DB
:104AB000B3010104CD010110DE010112F80101284A
:104AC000220201124602010AAD03DB03B103E01129
:104AD000C303E009D80301183004E0205004B010EB
:104AE000600401228A040136C104010ED00401448D
:104AF0006105D026001E0196A01E015A001F08085D
:104B0000101F0806201F0808301F0808401F08064D
:104B1000601F0808701F4A02721F5604761F640245
:104B20007A1F70027C1F7E02801F0808901F0808F1
:104B3000A01F0808B01F0802D01F0802E01F0802CB
:104B40007021F010D024E61A302CD02F672C0106EB
:104B5000802C0164002D002641FFE01A1F1C1F1E3F
:104B60001F1E1F1F1E1F1E1F4361726420697320BA
:104B7000746F6F20736D616C6C2E0D0A0000000065
:104B8000466F726D617420446F6E650D0A000000FF
:104B9000466F726D6174204661696C65640D0A0030
:104BA00042616420636C757374657220636F756E07
:104BB000740D0A0044657669636520697320746F1B
:104BC0006F20736D616C6C0D0A0000005772697480
:104BD000696E672046415420000000002E0000004E
:104BE00057726974696E67207570636173652074AC
:104BF00061626C650D0A000057726974696E672006
:104C0000726F6F740D0A0000466F726D61742064DC
:104C10006F6E650D0A000000466F726D617420664C
:104C200061696C65640D0A004558464154000000F6
:104C30006E616E00696E66006F7666006CC00F4034
:104C400030000000100F0000895E00000127000006
:104C500017000000120000000001000014851F4032
:104C60001AFF000012000000000000000100000018
:104C700018851F401BFF000012000000000000000C
:104C80000100000010851F400026FF0017000000F3
:104C900012000000000000000101000001000000FF
:104CA0000C851F400C851F40000000006CC00F40A9
:104CB000C0000000504F0000AD5D00000CFF000080
:104CC00013000000000000000000000024851F40C9
:104CD0000BFF0000130000000000000000000000B7
:104CE00028851F400DFF0000130000000000000099
:104CF0000000000020851F400A252400130000004A
:104D00001200000012000000010203000000000079
:104D10001C851F4000000000000000000000000093
:104D200000000000195400009D000000895A000096
:104D300055020000613A0000590200005D020000C7
:104D400000000000000000000D0A0000E50900005E
:104D500069000000BD090000950A000085090000F7
:104D600015090000000000000000000095B40000DC
:104D7000A1B4000099B40000A1B5000011BD00006D
:104D800041BC00009DBC00003DBB00001DB7000001
:104D900051C10000B1B4000025B40000E1BD000025
:104DA00011B4000015B400001DB4000021B40000CF
:104DB00035B7000071BF0000F9BE000051BA000015
:104DC00009B4000019B4000051C0000079BD000012
:104DD00015B50000000000000000000051DB0000DD
:104DE0000DF6000009F6000005F6000001F60000CF
:104DF000DDDE0000E1DE0000FDF500000000000047
:104E000000000000810700002D0B00006900000079
:104E100059070000CD060000D50700002D0700004F
:104E20007D0F0000251000000000000000000000C1
:104E30000D0A0000E509000069000000BD0900003E
:104E4000950A000085090000150900000000000017
:104E500000000000710B0000ED0B00006D09000068
:104E6000F9090000E10A00002D090000D109000045
:104E700011040000D10D00002D08000049080000B9
:104E80006102000089000000C10300004509000024
:104E900065080000A104000059050000E9040000B5
:104EA000410A00004D040000000000000000000066
:104EB00049EC0000D9DB0000690000006D00000033
:104EC00049EC000049EC000049EC00000000000043
:104ED000000000001902000039020000000000007C
:104EE0000000000071620000816400004564000061
:104EF0008D630000F163000039630000B9640000B5
:104F0000A9650000E5650000C16600000000000022
:104F10000000000031C3000035C30000A1C1000043
:104F200025C700006DD30000EDCC000051AA0000A1
:104F300061C300003DD300007DD4000075CD0000AA
:104F4000A9A2000095CA0000C1C20000CDC20000A5
:104F500095C1000099C100009DC10000D9C20000A8
:104F6000FDC2000021C30000A1C7000045C300002E
:104F700079C50000EDC70000C1C80000D8399D27E1
:104F80000054EA2A00A4781F007B9A17303132338C
:104F90003435363738396162636465666768696AD3
:104FA0006B6C6D6E6F707172737475767778797AD9
:104FB0000000000000202020202020202020282881
:104FC00028282820202020202020202020202020C9
:104FD0002020202020881010101010101010101009
:104FE0001010101010040404040404040404041039
:104FF00010101010101041414141414101010101C7
:105000000101010101010101010101010101010190
:10501000101010101010424242424242020202029C
:105020000202020202020202020202020202020260
:105030001010101020000000000000000000000010
:105040000000000000000000000000000000000060
:105050000000000000000000000000000000000050
:105060000000000000000000000000000000000040
:105070000000000000000000000000000000000030
:105080000000000000000000000000000000000020
:105090000000000000000000000000000000000010
:1050A0000000000000000000000000000000000000
:1050B000000000000000000000000042C8801F4007
:1050C000B8821F400800000000000042C4801F405A
:1050D000B4821F400400000000C0004224801F4032
:1050E00014821F401000000000C0004228801F40B2
:1050F00018821F402000000000C000422C801F408A
:105100001C821F404000000000C0004234801F404D
:1051100024821F40000100000040004264811F40C3
:1051200054831F40000400000040004280811F4063
:1051300070831F4000000200004000427C811F403D
:105140006C831F40000001000040004268811F4046
:1051500058831F4000080000004000423C811F406F
:105160002C831F40010000000040004244811F408A
:1051700034831F40040000000040004240811F4073
:1051800030831F40020000000040004248811F4061
:1051900038831F40080000000000004204811F40C7
:1051A000F4821F40000004000000004208811F40FC
:1051B000F8821F40000008000000004218811F40D4
:1051C00008831F40000080000000004214811F403F
:1051D00004831F40000040000000004200811F4087
:1051E000F0821F400000020000000042FC801F40CF
:1051F000EC821F40000001000000004224811F409B
:1052000014831F40000000040000004228811F405A
:1052100018831F4000000008000000421C811F404E
:105220000C831F40000000010000004220811F404D
:1052300010831F400000000200000042EC801F406D
:10524000DC821F400010000000000042F0801F4080
:10525000E0821F40002000000000004234811F4017
:1052600024831F40000000400000004238811F409E
:1052700028831F40000000800080004294801F406F
:1052800084821F400000040000C0004290801F4044
:1052900080821F400000008000800042A8801F40E4
:1052A00098821F400000800000800042A4801F40C0
:1052B00094821F4000004000004000426C811F406B
:1052C0005C831F400010000000C0004230801F407F
:1052D00020821F408000000000400042B0811F403B
:1052E000A0831F400000002000400042AC811F400E
:1052F0009C831F40000000100040004284811F403A
:1053000074831F40000004000040004288811F4059
:1053100078831F4000000800000000422C811F40DD
:105320001C831F40000000100000004230811F401D
:1053300020831F4000000020000000420C811F401D
:10534000FC821F40000010000000004210811F403E
:1053500000831F400000200000800042C8811F40E1
:10536000B8831F400080000000800042C4811F40BD
:10537000B4831F400040000000800042C0811F40F5
:10538000B0831F400020000000800042BC811F400D
:10539000AC831F400010000000800042D0811F40FD
:1053A000C0831F400000020000800042CC811F40EB
:1053B000BC831F400000010000C0004274801F40F9
:1053C00064821F400000000100C0004280801F4036
:1053D00070821F400000000800C0004284801F400F
:1053E00074821F400000001000C000426C801F400B
:1053F0005C821F400000400000C000427C801F40D3
:105400006C821F400000000400C0004278801F40F2
:1054100068821F400000000200C0004288801F40D8
:1054200078821F4000000020436861726765204D4C
:105430006F646520456E74657265640054696D65BE
:1054400020286D696E75746573293A20000000008C
:10545000636861726765206661756C74207374613E
:105460007475733A200000005061636B20566F6CB6
:10547000746167653A200000636861726765722035
:10548000766F6C746167653A200000006368617232
:105490006765722063757272656E743A2000000051
:1054A0007374616E646279005374616E6462792012
:1054B0004D6F646520456E74657265640000000080
:1054C0004472697665204D6F646520456E7465721F
:1054D000656400004E657720766F6C7400000000F4
:1054E0004E65772054656D700000000053656E6452
:1054F0002043414E000000004465627567204D6FF7
:10550000646520456E746572656400007374617231
:105510007475700053746172742054696D653A201B
:1055200000000000536574757000000063686172CC
:105530006765000064656275670000000001000097
:105540008C1F00201200000000060000881F006071
:105550000A00000000020000241F0060620000003A
:1055600000070000C01E006062000000EE030000A3
:10557000C81F002012000000000004EEA01F002041
:105580002800000000030000BC1E006000000000B6
:1055900001030904A41E00600000000002030904C6
:1055A0008C1E00600000000003030904DC1F0020C3
:1055B00000000000000000000000000000000000EB
:1055C000000000000000000000000000B82B0020D8
:1055D000202C0020882C002000000000000000008B
:1055E00000000000000000000000000000000000BB
:1055F00000000000000000000000000000000000AB
:10560000000000000000000000000000000000009A
:10561000000000000000000000000000000000008A
:10562000000000000000000000000000000000007A
:10563000000000000000000000000000000000006A
:10564000000000000000000000000000000000005A
:10565000000000000000000000000000000000004A
:1056600001000000000000000E33CDAB34126DE6E7
:10567000ECDE05000B000000000000000000000050
:10568000000000000000000000000000000000001A
:10569000000000000000000000000000000000000A
:1056A00000000000000000000000000000000000FA
:1056B00000000000000000000000000000000000EA
:1056C00000000000000000000000000000000000DA
:1056D00000000000000000000000000000000000CA
:1056E0000000000000000000E550FF180029DE0760
:1056F000007B9A17A70000000000804100003A409C
:105700006C100020000000000000000000000000FD
:105710000000000000000000000000000000000089
:105720000000000000000000000000000000000079
:105730000000000000000000000000000000000069
:1057400000000000000000000000000000C0394020
:10575000FC0F00200000000000000000000000001E
:105760000000000000000000000000000000000039
:105770000000000000000000000000000000000029
:105780000000000000000000000000000000000019
:105790000000000000000000000000009C1100203C
:1057A00000000000E8030000000000007C2B002047
:1057B00080302020000000000000000000000000F9
:1057C000781B0020781B0020801B0020801B0020FD
:1057D000881B0020881B0020901B0020901B0020AD
:1057E000981B0020981B0020A01B0020A01B00205D
:1057F000A81B0020A81B0020B01B0020B01B00200D
:10580000B81B0020B81B0020C01B0020C01B0020BC
:10581000C81B0020C81B0020D01B0020D01B00206C
:10582000D81B0020D81B0020E01B0020E01B00201C
:10583000E81B0020E81B0020F01B0020F01B0020CC
:10584000F81B0020F81B0020001C0020001C00207A
:10585000081C0020081C0020101C0020101C002028
:10586000181C0020181C0020201C0020201C0020D8
:10587000281C0020281C0020301C0020301C002088
:10588000381C0020381C0020401C0020401C002038
:10589000481C0020481C0020501C0020501C0020E8
:1058A000581C0020581C0020601C0020601C002098
:1058B000681C0020681C0020701C0020701C002048
:1058C000781C0020781C0020801C0020801C0020F8
:1058D000881C0020881C0020901C0020901C0020A8
:1058E000981C0020981C0020A01C0020A01C002058
:1058F000A81C0020A81C0020B01C0020B01C002008
:10590000B81C0020B81C0020C01C0020C01C0020B7
:10591000C81C0020C81C0020D01C0020D01C002067
:10592000D81C0020D81C0020E01C0020E01C002017
:10593000E81C0020E81C0020F01C0020F01C0020C7
:10594000F81C0020F81C0020001D0020001D002075
:10595000081D0020081D0020101D0020101D002023
:10596000181D0020181D0020201D0020201D0020D3
:10597000281D0020281D0020301D0020301D002083
:10598000381D0020381D0020401D0020401D002033
:10599000481D0020481D0020501D0020501D0020E3
:1059A000581D0020581D0020601D0020601D002093
:1059B000681D0020681D0020701D0020701D002043
:1059C000781D0020781D0020801D0020801D0020F3
:1059D000881D0020881D0020901D0020901D0020A3
:1059E000981D0020981D0020A01D0020A01D002053
:1059F000A81D0020A81D0020B01D0020B01D002003
:105A0000B81D0020B81D0020C01D0020C01D0020B2
:105A1000C81D0020C81D0020D01D0020D01D002062
:105A2000D81D0020D81D0020E01D0020E01D002012
:105A3000E81D0020E81D0020F01D0020F01D0020C2
:105A4000F81D0020F81D0020001E0020001E002070
:105A5000081E0020081E0020101E0020101E00201E
:105A6000181E0020181E0020201E0020201E0020CE
:105A7000281E0020281E0020301E0020301E00207E
:105A8000381E0020381E0020401E0020401E00202E
:105A9000481E0020481E0020501E0020501E0020DE
:105AA000581E0020581E0020601E0020601E00208E
:105AB000681E0020681E0020701E0020701E00203E
:105AC000781E0020781E0020801E0020801E0020EE
:105AD000881E0020881E0020901E0020901E00209E
:105AE000981E0020981E0020A01E0020A01E00204E
:105AF000A81E0020A81E0020B01E0020B01E0020FE
:105B0000B81E0020B81E0020C01E0020C01E0020AD
:105B1000C81E0020C81E0020D01E0020D01E00205D
:105B2000D81E0020D81E0020E01E0020E01E00200D
:105B3000E81E0020E81E0020F01E0020F01E0020BD
:105B4000F81E0020F81E0020001F0020001F00206B
:105B5000081F0020081F0020101F0020101F002019
:105B6000181F0020181F0020201F0020201F0020C9
:105B7000281F0020281F0020301F0020301F002079
:105B8000381F0020381F0020401F0020401F002029
:105B9000481F0020481F0020501F0020501F0020D9
:105BA000581F0020581F0020601F0020601F002089
:105BB000681F0020681F0020701F0020701F002039
:105BC000FFFFFFFF00000200881900201201000201
:105BD000EF020140C01683048002010203010000AD
:105BE0002800000000010400010000000000000087
:105BF000020157494E5553420000000000000000CA
:105C0000000000000000000012034D005300460099
:105C10005400310030003000F80000000C03000098
:105C20000000000000000000000000000000000074
:105C300000000800650129000000000000000000CD
:105C40000000000000000000000000000000000054
:105C50000000000000000000000000000000000044
:105C60000000000000000000000000000000000034
:105C70000000000000000000000000000000000024
:105C80000000000000000000000000000000000014
:105C90000000000000000000000000000000000004
:105CA00000000000000000000000000000000000F4
:105CB00000000000000000000000000000000000E4
:105CC00000000000000000000000000000000000D4
:105CD00000000000000000000000000000000000C4
:105CE00000000000000000000000000000000000B4
:105CF00000000000000000000000000000000000A4
:105D00000000000000000000000000000000000093
:105D10000000000000000000000000000000000083
:105D20000000000000000000000000000000000073
:105D30000000000000000000000000000000000063
:105D40000000000000000000000000000000000053
:105D50000000000000000000000000000000000043
:105D60000000000000000000000000000000000033
:105D70000000000000000000000000000000000023
:105D80000000000000000000000000000000000013
:105D90000000000000000000000000000000000003
:105DA00000000000000000000000000000000000F3
:105DB00000000000000000000000000000000000E3
:105DC00000000000000000000000000000000000D3
:105DD00000000000000000000000000000000000C3
:105DE00000000000000000000000000000000000B3
:105DF00000000000000000000000000000000000A3
:105E00000000000000000000000000000000000092
:105E10000000000000000000000000000000000082
:105E20000000000000000000000000000000000072
:105E30000000000000000000000000000000000062
:105E40000000000000000000000000000000000052
:105E50000000000000000000000000000000000042
:105E60000000000000000000000000000000000032
:105E70000000000000000000000000000000000022
:105E80000000000000000000000000000000000012
:105E90000000000000000000000000000000000002
:105EA00000000000000000000000000000000000F2
:105EB00000000000000000000000000000000000E2
:105EC00000000000000000000000000000000000D2
:105ED00000000000000000000000000000000000C2
:105EE00000000000000000000000000000000000B2
:105EF00000000000000000000000000000000000A2
:105F0000FFFFFFFFFFFFFFFFFFFFFFFFFFFFFFFFA1
:105F1000FFFFFFFFFFFFFFFFFFFFFFFFFFFFFFFF91
:105F2000FFFFFFFFFFFFFFFFFFFFFFFFFFFFFFFF81
:105F3000FFFFFFFFFFFFFFFFFFFFFFFFFFFFFFFF71
:105F4000FFFFFFFFFFFFFFFFFFFFFFFFFFFFFFFF61
:105F5000FFFFFFFFFFFFFFFFFFFFFFFFFFFFFFFF51
:105F6000FFFFFFFFFFFFFFFFFFFFFFFFFFFFFFFF41
:105F7000FFFFFFFFFFFFFFFFFFFFFFFFFFFFFFFF31
:105F8000FFFFFFFFFFFFFFFFFFFFFFFFFFFFFFFF21
:105F9000FFFFFFFFFFFFFFFFFFFFFFFFFFFFFFFF11
:105FA000FFFFFFFFFFFFFFFFFFFFFFFFFFFFFFFF01
:105FB000FFFFFFFFFFFFFFFFFFFFFFFFFFFFFFFFF1
:105FC000FFFFFFFFFFFFFFFFFFFFFFFFFFFFFFFFE1
:105FD000FFFFFFFFFFFFFFFFFFFFFFFFFFFFFFFFD1
:105FE000FFFFFFFFFFFFFFFFFFFFFFFFFFFFFFFFC1
:105FF000FFFFFFFFFFFFFFFFFFFFFFFFFFFFFFFFB1
:106000000000000000000000000000000000000090
:106010000000000000000000000000000000000080
:106020000000000000000000000000000000000070
:106030000000000000000000000000000000000060
:106040000000000000000000000000000000000050
:106050000000000000000000000000000000000040
:106060000000000000000000000000000000000030
:106070000000000000000000000000000000000020
:106080000000000000000000000000000000000010
:106090000000000000000000000000000000000000
:1060A00000000000000000000000000000000000F0
:1060B00000000000000000000000000000000000E0
:1060C00000000000000000000000000000000000D0
:1060D00000000000000000000000000000000000C0
:1060E00000000000000000000000000000000000B0
:1060F00000000000000000000000000000000000A0
:10610000000000000000000000000000000000008F
:10611000000000000000000000000000000000007F
:10612000000000000000000000000000000000006F
:10613000000000000000000000000000000000005F
:10614000000000000000000000000000000000004F
:10615000000000000000000000000000000000003F
:10616000000000000000000000000000000000002F
:10617000000000000000000000000000000000001F
:10618000000000000000000000000000000000000F
:1061900000000000000000000000000000000000FF
:1061A00000000000000000000000000000000000EF
:1061B00000000000000000000000000000000000DF
:1061C00000000000000000000000000000000000CF
:1061D00000000000000000000000000000000000BF
:1061E00000000000000000000000000000000000AF
:1061F000000000000000000000000000000000009F
:10620000000000000000000000000000000000008E
:10621000000000000000000000000000000000007E
:10622000000000000000000000000000000000006E
:10623000000000000000000000000000000000005E
:10624000000000000000000000000000000000004E
:10625000000000000000000000000000000000003E
:10626000000000000000000000000000000000002E
:10627000000000000000000000000000000000001E
:10628000000000000000000000000000000000000E
:1062900000000000000000000000000000000000FE
:1062A00000000000000000000000000000000000EE
:1062B00000000000000000000000000000000000DE
:1062C00000000000000000000000000000000000CE
:1062D00000000000000000000000000000000000BE
:1062E00000000000000000000000000000000000AE
:1062F000000000000000000000000000000000009E
:10630000000000000000000000000000000000008D
:10631000000000000000000000000000000000007D
:10632000000000000000000000000000000000006D
:10633000000000000000000000000000000000005D
:10634000000000000000000000000000000000004D
:10635000000000000000000000000000000000003D
:10636000000000000000000000000000000000002D
:10637000000000000000000000000000000000001D
:10638000000000000000000000000000000000000D
:1063900000000000000000000000000000000000FD
:1063A00000000000000000000000000000000000ED
:1063B00000000000000000000000000000000000DD
:1063C00000000000000000000000000000000000CD
:1063D00000000000000000000000000000000000BD
:1063E00000000000000000000000000000000000AD
:1063F000000000000000000000000000000000009D
:10640000000000000000000000000000000000008C
:10641000000000000000000000000000000000007C
:10642000000000000000000000000000000000006C
:10643000000000000000000000000000000000005C
:10644000000000000000000000000000000000004C
:10645000000000000000000000000000000000003C
:10646000000000000000000000000000000000002C
:10647000000000000000000000000000000000001C
:10648000000000000000000000000000000000000C
:1064900000000000000000000000000000000000FC
:1064A00000000000000000000000000000000000EC
:1064B00000000000000000000000000000000000DC
:1064C00000000000000000000000000000000000CC
:1064D00000000000000000000000000000000000BC
:1064E00000000000000000000000000000000000AC
:1064F000000000000000000000000000000000009C
:10650000000000000000000000000000000000008B
:10651000000000000000000000000000000000007B
:10652000000000000000000000000000000000006B
:10653000000000000000000000000000000000005B
:10654000000000000000000000000000000000004B
:10655000000000000000000000000000000000003B
:10656000000000000000000000000000000000002B
:10657000000000000000000000000000000000001B
:10658000000000000000000000000000000000000B
:1065900000000000000000000000000000000000FB
:1065A00000000000000000000000000000000000EB
:1065B00000000000000000000000000000000000DB
:1065C00000000000000000000000000000000000CB
:1065D00000000000000000000000000000000000BB
:1065E00000000000000000000000000000000000AB
:1065F000000000000000000000000000000000009B
:10660000000000000000000000000000000000008A
:10661000000000000000000000000000000000007A
:10662000000000000000000000000000000000006A
:10663000000000000000000000000000000000005A
:10664000000000000000000000000000000000004A
:10665000000000000000000000000000000000003A
:10666000000000000000000000000000000000002A
:10667000000000000000000000000000000000001A
:10668000000000000000000000000000000000000A
:1066900000000000000000000000000000000000FA
:1066A00000000000000000000000000000000000EA
:1066B00000000000000000000000000000000000DA
:1066C00000000000000000000000000000000000CA
:1066D00000000000000000000000000000000000BA
:1066E00000000000000000000000000000000000AA
:1066F000000000000000000000000000000000009A
:106700000000000000000000000000000000000089
:106710000000000000000000000000000000000079
:106720000000000000000000000000000000000069
:106730000000000000000000000000000000000059
:106740000000000000000000000000000000000049
:106750000000000000000000000000000000000039
:106760000000000000000000000000000000000029
:106770000000000000000000000000000000000019
:106780000000000000000000000000000000000009
:1067900000000000000000000000000000000000F9
:1067A00000000000000000000000000000000000E9
:1067B00000000000000000000000000000000000D9
:1067C00000000000000000000000000000000000C9
:1067D00000000000000000000000000000000000B9
:1067E00000000000000000000000000000000000A9
:1067F0000000000000000000000000000000000099
:106800000000000000000000000000000000000088
:106810000000000000000000000000000000000078
:106820000000000000000000000000000000000068
:106830000000000000000000000000000000000058
:106840000000000000000000000000000000000048
:106850000000000000000000000000000000000038
:106860000000000000000000000000000000000028
:106870000000000000000000000000000000000018
:106880000000000000000000000000000000000008
:1068900000000000000000000000000000000000F8
:1068A00000000000000000000000000000000000E8
:1068B00000000000000000000000000000000000D8
:1068C00000000000000000000000000000000000C8
:1068D00000000000000000000000000000000000B8
:1068E00000000000000000000000000000000000A8
:1068F0000000000000000000000000000000000098
:106900000000000000000000000000000000000087
:106910000000000000000000000000000000000077
:106920000000000000000000000000000000000067
:106930000000000000000000000000000000000057
:106940000000000000000000000000000000000047
:106950000000000000000000000000000000000037
:106960000000000000000000000000000000000027
:106970000000000000000000000000000000000017
:106980000000000000000000000000000000000007
:1069900000000000000000000000000000000000F7
:1069A00000000000000000000000000000000000E7
:1069B00000000000000000000000000000000000D7
:1069C00000000000000000000000000000000000C7
:1069D00000000000000000000000000000000000B7
:1069E00000000000000000000000000000000000A7
:1069F0000000000000000000000000000000000097
:106A00000000000000000000000000000000000086
:106A10000000000000000000000000000000000076
:106A20000000000000000000000000000000000066
:106A30000000000000000000000000000000000056
:106A40000000000000000000000000000000000046
:106A50000000000000000000000000000000000036
:106A60000000000000000000000000000000000026
:106A70000000000000000000000000000000000016
:106A80000000000000000000000000000000000006
:106A900000000000000000000000000000000000F6
:106AA00000000000000000000000000000000000E6
:106AB00000000000000000000000000000000000D6
:106AC00000000000000000000000000000000000C6
:106AD00000000000000000000000000000000000B6
:106AE00000000000000000000000000000000000A6
:106AF0000000000000000000000000000000000096
:106B00000000000000000000000000000000000085
:106B10000000000000000000000000000000000075
:106B20000000000000000000000000000000000065
:106B30000000000000000000000000000000000055
:106B40000000000000000000000000000000000045
:106B50000000000000000000000000000000000035
:106B60000000000000000000000000000000000025
:106B70000000000000000000000000000000000015
:106B80000000000000000000000000000000000005
:106B900000000000000000000000000000000000F5
:106BA00000000000000000000000000000000000E5
:106BB00000000000000000000000000000000000D5
:106BC00000000000000000000000000000000000C5
:106BD00000000000000000000000000000000000B5
:106BE00000000000000000000000000000000000A5
:106BF0000000000000000000000000000000000095
:040000056000100087
:00000001FF
